Filename,Mode,Original_Score,Best_Score,Improvement_Abs,Best_Iter,Stop_Reason
TUM-TCGA-TSKGLFCH.tif,maximize,0.858209,0.974968,0.116758,3,Batch_Converged
TUM-TCGA-LIFEDGNY.tif,maximize,0.816512,0.977815,0.161303,3,Batch_Converged
TUM-TCGA-LSDGYPTV.tif,maximize,0.891625,0.977483,0.085858,3,Batch_Converged
TUM-TCGA-MHGPVMRW.tif,maximize,0.800040,0.975921,0.175881,3,Batch_Converged
TUM-TCGA-QIHRFAHV.tif,maximize,0.724949,0.975766,0.250818,3,Batch_Converged
TUM-TCGA-MCRADKGI.tif,maximize,0.682127,0.947587,0.265460,2,Batch_Converged
TUM-TCGA-VYYKRDYR.tif,maximize,0.648235,0.975865,0.327630,3,Batch_Converged
TUM-TCGA-KKVCTAMV.tif,maximize,0.753259,0.976539,0.223281,3,Batch_Converged
TUM-TCGA-CERNHKCC.tif,maximize,0.803821,0.973219,0.169397,2,Batch_Converged
TUM-TCGA-DYQSEYVQ.tif,maximize,0.724834,0.970010,0.245177,3,Batch_Converged
TUM-TCGA-DPFHLHMP.tif,maximize,0.591709,0.975079,0.383370,3,Batch_Converged
TUM-TCGA-ICVCCMFQ.tif,maximize,0.887654,0.973981,0.086327,3,Batch_Converged
TUM-TCGA-QYEMYFGT.tif,maximize,0.690263,0.963817,0.273554,2,Batch_Converged
TUM-TCGA-APKRYTQY.tif,maximize,0.648632,0.974748,0.326116,3,Batch_Converged
TUM-TCGA-YCIDTGSN.tif,maximize,0.679802,0.944045,0.264243,3,Batch_Converged
TUM-TCGA-FRPKWNIG.tif,maximize,0.878356,0.974843,0.096487,2,Batch_Converged
TUM-TCGA-MRKKLFQP.tif,maximize,0.751147,0.975166,0.224019,2,Batch_Converged
TUM-TCGA-ITYRCGPF.tif,maximize,0.792989,0.979537,0.186548,3,Batch_Converged
TUM-TCGA-YLACTSIS.tif,maximize,0.828799,0.977667,0.148868,3,Batch_Converged
TUM-TCGA-FDAELWEV.tif,maximize,0.866768,0.975582,0.108814,3,Batch_Converged
TUM-TCGA-VWHNGISW.tif,minimize,0.006580,0.005041,0.001539,1,Target_Reached
TUM-TCGA-IYQKALEV.tif,maximize,0.706197,0.960565,0.254367,3,Batch_Converged
TUM-TCGA-WSGAKYRC.tif,maximize,0.020549,0.896520,0.875971,2,Degradation
TUM-TCGA-TKLWWMII.tif,maximize,0.781326,0.977871,0.196545,3,Batch_Converged
TUM-TCGA-SYWYIYNG.tif,maximize,0.744567,0.972492,0.227925,3,Batch_Converged
TUM-TCGA-FHRMPQPA.tif,maximize,0.756628,0.974608,0.217979,3,Batch_Converged
TUM-TCGA-QEKTGGKG.tif,maximize,0.853516,0.977464,0.123949,3,Batch_Converged
TUM-TCGA-AIHSVASQ.tif,maximize,0.783941,0.955141,0.171200,3,Batch_Converged
TUM-TCGA-HQKNKSIY.tif,maximize,0.848680,0.971183,0.122503,3,Batch_Converged
TUM-TCGA-VSNCKISS.tif,maximize,0.853476,0.976433,0.122956,3,Batch_Converged
TUM-TCGA-YRECWKPH.tif,maximize,0.333487,0.969504,0.636017,2,Batch_Converged
TUM-TCGA-EWRKTMQL.tif,maximize,0.590259,0.959579,0.369320,3,Batch_Converged
TUM-TCGA-SWPDLYWW.tif,maximize,0.767602,0.958032,0.190430,3,Batch_Converged
TUM-TCGA-WFWPMEFH.tif,maximize,0.765042,0.973125,0.208083,3,Batch_Converged
TUM-TCGA-FITFHDLP.tif,maximize,0.873865,0.981309,0.107444,3,Target_Reached
TUM-TCGA-FPYHVSSI.tif,maximize,0.806189,0.976997,0.170808,3,Batch_Converged
TUM-TCGA-LDESFTWR.tif,maximize,0.635991,0.970546,0.334555,3,Batch_Converged
TUM-TCGA-NFNSFFYR.tif,maximize,0.713275,0.860210,0.146935,1,Batch_Converged
TUM-TCGA-PHACPKIF.tif,minimize,0.597751,0.005596,0.592155,1,Target_Reached
TUM-TCGA-DPKEPAIF.tif,maximize,0.715240,0.964262,0.249022,3,Batch_Converged
TUM-TCGA-GIDLLLVL.tif,maximize,0.785563,0.964905,0.179342,3,Batch_Converged
TUM-TCGA-FRKFKVDC.tif,maximize,0.870544,0.974829,0.104285,3,Batch_Converged
TUM-TCGA-LPSDHIGG.tif,maximize,0.778153,0.979047,0.200894,3,Batch_Converged
TUM-TCGA-SEPYWTSG.tif,maximize,0.840928,0.978360,0.137432,3,Batch_Converged
TUM-TCGA-IDYRGNMG.tif,maximize,0.717993,0.980632,0.262639,2,Target_Reached
TUM-TCGA-EWSYWTCH.tif,maximize,0.728835,0.919778,0.190943,3,Batch_Converged
TUM-TCGA-LRYERPHN.tif,maximize,0.772259,0.976882,0.204623,3,Batch_Converged
TUM-TCGA-VVWTVCVM.tif,maximize,0.523246,0.972126,0.448879,3,Batch_Converged
TUM-TCGA-QKYWAYVF.tif,maximize,0.622722,0.961771,0.339049,2,Batch_Converged
TUM-TCGA-NIFLQWLR.tif,maximize,0.710331,0.980277,0.269945,4,Target_Reached
TUM-TCGA-LRVHQDEP.tif,minimize,0.799577,0.397464,0.402113,1,Degradation
TUM-TCGA-NGFPEPKI.tif,maximize,0.864413,0.980385,0.115972,5,Target_Reached
TUM-TCGA-AMAQGHQL.tif,maximize,0.440285,0.974997,0.534712,4,Batch_Converged
TUM-TCGA-KYHCEGCY.tif,minimize,0.415868,0.015669,0.400199,1,Target_Reached
TUM-TCGA-NRLMMCIW.tif,maximize,0.690656,0.977779,0.287123,4,Batch_Converged
TUM-TCGA-ADFGWHNR.tif,maximize,0.815935,0.981532,0.165596,4,Target_Reached
TUM-TCGA-KDRFGTFK.tif,maximize,0.635057,0.979793,0.344736,4,Batch_Converged
TUM-TCGA-KGHRYLNV.tif,maximize,0.915348,0.979384,0.064036,5,Batch_Converged
TUM-TCGA-FYMVLYRN.tif,maximize,0.641350,0.975141,0.333791,5,Batch_Converged
TUM-TCGA-FVDIKESC.tif,maximize,0.874120,0.980010,0.105890,4,Target_Reached
TUM-TCGA-FMYRVKPV.tif,maximize,0.745890,0.982158,0.236268,2,Target_Reached
TUM-TCGA-LYWFIRAV.tif,maximize,0.803258,0.980029,0.176771,5,Target_Reached
TUM-TCGA-KEDHQGNP.tif,maximize,0.703086,0.974797,0.271711,5,Batch_Converged
TUM-TCGA-RRVIERIV.tif,maximize,0.777387,0.979692,0.202305,4,Batch_Converged
TUM-TCGA-DENWVKSD.tif,maximize,0.545319,0.971249,0.425931,3,Batch_Converged
TUM-TCGA-IGNQIGLF.tif,maximize,0.592003,0.977186,0.385183,3,Batch_Converged
TUM-TCGA-NFPCYCMC.tif,maximize,0.592261,0.971346,0.379085,3,Batch_Converged
TUM-TCGA-NRRAPPEN.tif,maximize,0.854342,0.977206,0.122864,2,Batch_Converged
TUM-TCGA-PDCKRREW.tif,maximize,0.844252,0.977910,0.133658,2,Batch_Converged
TUM-TCGA-RWVRHWKT.tif,maximize,0.853528,0.975342,0.121815,3,Batch_Converged
TUM-TCGA-MNFFRCPE.tif,maximize,0.802123,0.977627,0.175504,3,Batch_Converged
TUM-TCGA-HRCFSGVN.tif,maximize,0.593803,0.960397,0.366593,2,Batch_Converged
TUM-TCGA-LCNKHEDA.tif,maximize,0.646023,0.973291,0.327268,3,Batch_Converged
TUM-TCGA-HPEVEFWH.tif,maximize,0.475812,0.963617,0.487805,3,Batch_Converged
TUM-TCGA-GLILHLWH.tif,maximize,0.597959,0.975445,0.377486,3,Batch_Converged
TUM-TCGA-GCRDQDVC.tif,maximize,0.766862,0.978888,0.212026,3,Batch_Converged
TUM-TCGA-MMQIWLRW.tif,maximize,0.756877,0.975344,0.218466,2,Batch_Converged
TUM-TCGA-ALNLGNLF.tif,maximize,0.482435,0.974192,0.491757,3,Batch_Converged
TUM-TCGA-AHNDDNIS.tif,maximize,0.720727,0.972151,0.251423,3,Batch_Converged
TUM-TCGA-YFSPASSY.tif,maximize,0.721571,0.969071,0.247501,3,Batch_Converged
TUM-TCGA-RSRIIWMR.tif,maximize,0.652789,0.966858,0.314069,5,Batch_Converged
TUM-TCGA-DTACKQSV.tif,minimize,0.042334,0.019311,0.023022,1,Target_Reached
TUM-TCGA-ADTDRPNQ.tif,maximize,0.786750,0.971416,0.184666,5,Batch_Converged
TUM-TCGA-VGVEWDRM.tif,maximize,0.707450,0.982224,0.274774,4,Target_Reached
TUM-TCGA-QWGLINFC.tif,maximize,0.802702,0.977850,0.175148,5,Batch_Converged
TUM-TCGA-YVFIWTRA.tif,maximize,0.702822,0.979135,0.276313,5,Batch_Converged
TUM-TCGA-GERMCNVI.tif,maximize,0.612563,0.978413,0.365850,4,Batch_Converged
TUM-TCGA-TVEFMKGQ.tif,maximize,0.776866,0.977841,0.200975,5,Batch_Converged
TUM-TCGA-ATMWTKEH.tif,minimize,0.306886,0.274031,0.032855,1,Degradation
TUM-TCGA-CQKQMSYT.tif,maximize,0.846221,0.981352,0.135131,3,Target_Reached
TUM-TCGA-VSYLMSTW.tif,minimize,0.070806,0.001393,0.069413,1,Target_Reached
TUM-TCGA-YLQSWANH.tif,maximize,0.675245,0.979724,0.304479,5,Batch_Converged
TUM-TCGA-MMTLKPEL.tif,maximize,0.636830,0.981860,0.345030,5,Target_Reached
TUM-TCGA-AMIIHVGY.tif,maximize,0.875406,0.976763,0.101356,5,Batch_Converged
TUM-TCGA-IYIDFAMP.tif,maximize,0.713245,0.979746,0.266501,4,Batch_Converged
TUM-TCGA-CQVVNQFH.tif,maximize,0.865218,0.981312,0.116094,4,Target_Reached
TUM-TCGA-PGGMWHPL.tif,maximize,0.821061,0.973197,0.152136,2,Batch_Converged
TUM-TCGA-ARFFFCDY.tif,minimize,0.579453,0.002207,0.577246,1,Target_Reached
TUM-TCGA-ILAFQDGT.tif,maximize,0.805900,0.973324,0.167425,3,Batch_Converged
TUM-TCGA-YHRKSQLM.tif,maximize,0.817115,0.963641,0.146526,2,Batch_Converged
TUM-TCGA-VQGRWEND.tif,maximize,0.581645,0.976977,0.395332,3,Batch_Converged
TUM-TCGA-QKDDSQGR.tif,maximize,0.427888,0.975671,0.547783,3,Batch_Converged
TUM-TCGA-LIPEEYDR.tif,maximize,0.650872,0.973621,0.322750,3,Batch_Converged
TUM-TCGA-VVPDDVID.tif,maximize,0.488916,0.956281,0.467365,3,Batch_Converged
TUM-TCGA-LPGSWRQH.tif,maximize,0.717196,0.976245,0.259049,2,Batch_Converged
TUM-TCGA-AKHKQFVK.tif,maximize,0.765508,0.970387,0.204879,2,Batch_Converged
TUM-TCGA-WEYGEVCP.tif,maximize,0.825528,0.973456,0.147928,3,Batch_Converged
TUM-TCGA-SRIKVLRN.tif,maximize,0.704902,0.979681,0.274779,3,Batch_Converged
TUM-TCGA-IYSPSQGW.tif,maximize,0.554346,0.977820,0.423475,3,Batch_Converged
TUM-TCGA-FYPDRHKE.tif,maximize,0.818629,0.976265,0.157636,3,Batch_Converged
TUM-TCGA-TIVGTNIR.tif,maximize,0.709420,0.976665,0.267245,3,Batch_Converged
TUM-TCGA-FEGLFCEE.tif,maximize,0.740688,0.972304,0.231617,3,Batch_Converged
TUM-TCGA-FPAMLTAF.tif,maximize,0.841476,0.975010,0.133534,2,Batch_Converged
TUM-TCGA-PINVRKYI.tif,maximize,0.422623,0.968888,0.546265,3,Batch_Converged
TUM-TCGA-VAWELGRK.tif,maximize,0.599292,0.974552,0.375260,3,Batch_Converged
TUM-TCGA-PIILHASY.tif,maximize,0.477743,0.947445,0.469702,3,Batch_Converged
TUM-TCGA-KEWEIHTW.tif,maximize,0.856324,0.976454,0.120130,3,Batch_Converged
TUM-TCGA-EEAQLQTQ.tif,maximize,0.816169,0.972703,0.156534,3,Batch_Converged
TUM-TCGA-DHPWCVIG.tif,minimize,0.896709,0.877181,0.019528,1,Degradation
TUM-TCGA-GRSDAQPH.tif,maximize,0.774140,0.971098,0.196958,3,Batch_Converged
TUM-TCGA-WLHDGWGI.tif,maximize,0.868215,0.974781,0.106566,3,Batch_Converged
TUM-TCGA-QDNIQHED.tif,maximize,0.492087,0.961450,0.469364,3,Batch_Converged
TUM-TCGA-PEGFMLLP.tif,maximize,0.396504,0.915751,0.519248,3,Batch_Converged
TUM-TCGA-DDYASHPV.tif,maximize,0.747262,0.978673,0.231411,3,Batch_Converged
TUM-TCGA-KVYEMVIP.tif,maximize,0.687645,0.974527,0.286882,2,Batch_Converged
TUM-TCGA-VNLHPKLT.tif,maximize,0.460926,0.961280,0.500354,3,Batch_Converged
TUM-TCGA-GFVYNPNP.tif,maximize,0.745752,0.981576,0.235825,2,Target_Reached
TUM-TCGA-MHYFSERC.tif,maximize,0.616331,0.975877,0.359545,3,Batch_Converged
TUM-TCGA-QESSSYMY.tif,maximize,0.810996,0.956171,0.145176,3,Batch_Converged
TUM-TCGA-PLSYFTLA.tif,maximize,0.742157,0.957121,0.214964,1,Batch_Converged
TUM-TCGA-QQYAIGCH.tif,maximize,0.592941,0.979306,0.386365,3,Batch_Converged
TUM-TCGA-PRKGHLYC.tif,maximize,0.665216,0.957857,0.292641,3,Batch_Converged
TUM-TCGA-LDCHRTQG.tif,maximize,0.787159,0.975885,0.188726,3,Batch_Converged
TUM-TCGA-VATHGCIW.tif,maximize,0.782578,0.974758,0.192180,3,Batch_Converged
TUM-TCGA-YIWRMPNS.tif,maximize,0.651604,0.973545,0.321942,3,Batch_Converged
TUM-TCGA-NWAGIHDE.tif,maximize,0.369791,0.974441,0.604650,3,Batch_Converged
TUM-TCGA-MDWSYKHT.tif,maximize,0.589026,0.976905,0.387879,3,Batch_Converged
TUM-TCGA-LFGHNQQL.tif,maximize,0.895887,0.956370,0.060483,2,Batch_Converged
TUM-TCGA-NESHKSHR.tif,maximize,0.832106,0.976911,0.144804,3,Batch_Converged
TUM-TCGA-NSPITKEH.tif,maximize,0.530314,0.962424,0.432109,3,Batch_Converged
TUM-TCGA-DPRWETWM.tif,maximize,0.812631,0.952423,0.139792,1,Batch_Converged
TUM-TCGA-RANNVFVK.tif,maximize,0.628592,0.979967,0.351375,2,Batch_Converged
TUM-TCGA-YHLVASWF.tif,maximize,0.736958,0.978134,0.241176,3,Batch_Converged
TUM-TCGA-QRSVVHCF.tif,maximize,0.860396,0.975494,0.115098,3,Batch_Converged
TUM-TCGA-HVCWNIQS.tif,maximize,0.751230,0.977581,0.226351,3,Batch_Converged
TUM-TCGA-RLVMANMW.tif,maximize,0.501773,0.975450,0.473677,3,Batch_Converged
TUM-TCGA-GWVDEQQV.tif,maximize,0.012519,0.908981,0.896462,3,Batch_Converged
TUM-TCGA-NEKWVCLF.tif,maximize,0.804259,0.974551,0.170293,3,Batch_Converged
TUM-TCGA-KYPIYAGQ.tif,maximize,0.795111,0.975903,0.180792,3,Batch_Converged
TUM-TCGA-QDGHRQTR.tif,maximize,0.684087,0.976676,0.292589,3,Batch_Converged
TUM-TCGA-AYCYHYAQ.tif,maximize,0.847003,0.974985,0.127982,3,Batch_Converged
TUM-TCGA-NLMQCAVI.tif,maximize,0.829283,0.974432,0.145149,3,Batch_Converged
TUM-TCGA-YLWFVNRY.tif,maximize,0.817720,0.965335,0.147615,3,Batch_Converged
TUM-TCGA-MKAFAIAE.tif,maximize,0.503628,0.973823,0.470195,2,Batch_Converged
TUM-TCGA-EFPRVVHW.tif,maximize,0.729905,0.978816,0.248910,3,Batch_Converged
TUM-TCGA-PGPFFPMN.tif,maximize,0.854710,0.979179,0.124468,3,Batch_Converged
TUM-TCGA-KREMVFFS.tif,maximize,0.738294,0.974493,0.236199,3,Batch_Converged
TUM-TCGA-HAVVEGTM.tif,maximize,0.835044,0.972921,0.137877,2,Batch_Converged
TUM-TCGA-CCQQLAIN.tif,maximize,0.822951,0.974239,0.151288,3,Batch_Converged
TUM-TCGA-EFSTPLLA.tif,maximize,0.873531,0.971592,0.098061,3,Batch_Converged
TUM-TCGA-FGACASSF.tif,maximize,0.881599,0.977121,0.095522,3,Batch_Converged
TUM-TCGA-ISNVDMME.tif,maximize,0.660034,0.974099,0.314065,3,Batch_Converged
TUM-TCGA-DKFSHQCN.tif,maximize,0.763942,0.974958,0.211017,3,Batch_Converged
TUM-TCGA-LVKLQYVA.tif,maximize,0.870047,0.963446,0.093399,3,Batch_Converged
TUM-TCGA-IELCTVYS.tif,maximize,0.791670,0.976274,0.184604,3,Batch_Converged
TUM-TCGA-KICPNNKN.tif,maximize,0.761990,0.975822,0.213832,3,Batch_Converged
TUM-TCGA-TVVRCVMA.tif,maximize,0.685550,0.950064,0.264514,3,Batch_Converged
TUM-TCGA-LPTDAPDK.tif,maximize,0.679679,0.974870,0.295191,3,Batch_Converged
TUM-TCGA-TLSHWGSQ.tif,maximize,0.731531,0.970529,0.238998,3,Batch_Converged
TUM-TCGA-AFQWQHYR.tif,maximize,0.559101,0.973580,0.414479,3,Batch_Converged
TUM-TCGA-LTFIDIAD.tif,maximize,0.768968,0.957060,0.188092,3,Batch_Converged
TUM-TCGA-YCFSNYET.tif,maximize,0.725602,0.975444,0.249842,3,Batch_Converged
TUM-TCGA-KPRWIAWD.tif,maximize,0.687501,0.979571,0.292069,3,Batch_Converged
TUM-TCGA-YGRHKIRD.tif,maximize,0.677676,0.971106,0.293429,3,Batch_Converged
TUM-TCGA-NNWVEIMP.tif,maximize,0.777815,0.980737,0.202921,3,Target_Reached
TUM-TCGA-GNAWGSMH.tif,maximize,0.783678,0.969112,0.185433,2,Batch_Converged
TUM-TCGA-FDCEHESF.tif,minimize,0.181248,0.024231,0.157017,2,Degradation
TUM-TCGA-FHGLMVFK.tif,maximize,0.517801,0.965629,0.447828,3,Batch_Converged
TUM-TCGA-CAYQVWCK.tif,maximize,0.723933,0.974765,0.250833,2,Batch_Converged
TUM-TCGA-CITTSMGT.tif,maximize,0.741358,0.970761,0.229403,3,Batch_Converged
TUM-TCGA-LHWFVLHN.tif,maximize,0.833741,0.976214,0.142473,3,Batch_Converged
TUM-TCGA-DKYLNTIT.tif,maximize,0.835931,0.974431,0.138500,3,Batch_Converged
TUM-TCGA-SIGCYVTN.tif,maximize,0.673768,0.962990,0.289221,3,Batch_Converged
TUM-TCGA-HIVLQPHM.tif,maximize,0.856055,0.978187,0.122132,3,Batch_Converged
TUM-TCGA-WRSKKYNS.tif,maximize,0.838377,0.978088,0.139711,3,Batch_Converged
TUM-TCGA-SFWIEKSA.tif,minimize,0.875548,0.868850,0.006698,1,Degradation
TUM-TCGA-EVWSRCMC.tif,maximize,0.795653,0.973806,0.178153,3,Batch_Converged
TUM-TCGA-TRKVVHWL.tif,maximize,0.831350,0.947208,0.115857,3,Batch_Converged
TUM-TCGA-PPFQHKIA.tif,maximize,0.744144,0.971727,0.227584,2,Batch_Converged
TUM-TCGA-VWNMEMTI.tif,maximize,0.659663,0.964213,0.304550,3,Batch_Converged
TUM-TCGA-MPPCDAKW.tif,maximize,0.769231,0.977632,0.208400,3,Batch_Converged
TUM-TCGA-QQNACQPC.tif,maximize,0.759187,0.978164,0.218977,3,Batch_Converged
TUM-TCGA-RKIAIMDD.tif,maximize,0.617755,0.970418,0.352663,3,Batch_Converged
TUM-TCGA-PCLWCIMH.tif,maximize,0.513197,0.973430,0.460234,3,Batch_Converged
TUM-TCGA-RPENFTYS.tif,maximize,0.849220,0.976376,0.127156,3,Batch_Converged
TUM-TCGA-CQRQEANP.tif,maximize,0.837164,0.957373,0.120209,3,Batch_Converged
TUM-TCGA-IIYGVFHD.tif,maximize,0.821570,0.976309,0.154740,3,Batch_Converged
TUM-TCGA-KECMAAPK.tif,maximize,0.773584,0.975239,0.201654,3,Batch_Converged
TUM-TCGA-KPILKQRI.tif,maximize,0.843939,0.965269,0.121330,3,Batch_Converged
TUM-TCGA-CSQPIFIC.tif,maximize,0.813410,0.972767,0.159356,2,Batch_Converged
TUM-TCGA-KGEHQWPA.tif,maximize,0.599068,0.953415,0.354346,3,Batch_Converged
TUM-TCGA-IYMTCIEI.tif,maximize,0.802160,0.908060,0.105900,3,Batch_Converged
TUM-TCGA-MRMLNVNH.tif,maximize,0.834243,0.974255,0.140012,3,Batch_Converged
TUM-TCGA-TPMQTMEW.tif,maximize,0.739309,0.977080,0.237771,3,Batch_Converged
TUM-TCGA-MFLRMQHD.tif,maximize,0.589021,0.976019,0.386998,3,Batch_Converged
TUM-TCGA-LTEVTGFQ.tif,maximize,0.855841,0.976862,0.121021,3,Batch_Converged
TUM-TCGA-PFCGWTMY.tif,maximize,0.570694,0.975049,0.404355,3,Batch_Converged
TUM-TCGA-DQDTSRFW.tif,maximize,0.640661,0.971757,0.331097,3,Batch_Converged
TUM-TCGA-DPYAVGCP.tif,maximize,0.623429,0.973548,0.350120,2,Batch_Converged
TUM-TCGA-EANKCHDE.tif,maximize,0.818290,0.971392,0.153101,3,Batch_Converged
TUM-TCGA-KHFHCSET.tif,maximize,0.866822,0.975607,0.108785,3,Batch_Converged
TUM-TCGA-KRDGGYNF.tif,maximize,0.840804,0.967908,0.127104,2,Batch_Converged
TUM-TCGA-YFCTFMKE.tif,maximize,0.658777,0.968019,0.309242,1,Batch_Converged
TUM-TCGA-TDRTVNMG.tif,maximize,0.861074,0.972736,0.111662,2,Batch_Converged
TUM-TCGA-AYKMPELT.tif,maximize,0.834292,0.978413,0.144121,3,Batch_Converged
TUM-TCGA-WAEIKGCW.tif,maximize,0.600210,0.982377,0.382167,2,Target_Reached
TUM-TCGA-QVLLYHLD.tif,maximize,0.651383,0.950355,0.298972,3,Batch_Converged
TUM-TCGA-MYMFWAYT.tif,maximize,0.900211,0.975461,0.075250,3,Batch_Converged
TUM-TCGA-LLNKIAIC.tif,maximize,0.694507,0.976508,0.282001,3,Batch_Converged
TUM-TCGA-HYMGDMRR.tif,maximize,0.518943,0.968200,0.449257,3,Batch_Converged
TUM-TCGA-FRDHRSWF.tif,maximize,0.865832,0.976673,0.110842,3,Batch_Converged
TUM-TCGA-HAEWWDPY.tif,maximize,0.830573,0.965486,0.134913,2,Batch_Converged
TUM-TCGA-FMYDWYQK.tif,maximize,0.789831,0.975830,0.185999,3,Batch_Converged
TUM-TCGA-HWDRCSFS.tif,maximize,0.685693,0.981658,0.295965,3,Target_Reached
TUM-TCGA-KLYTCNKA.tif,maximize,0.801382,0.977154,0.175773,3,Batch_Converged
TUM-TCGA-FVGRWNHQ.tif,maximize,0.784242,0.973239,0.188997,3,Batch_Converged
TUM-TCGA-CFEKSGVQ.tif,maximize,0.774139,0.977629,0.203490,3,Batch_Converged
TUM-TCGA-GAHSLNEV.tif,maximize,0.753909,0.974845,0.220936,3,Batch_Converged
TUM-TCGA-AKLHENDA.tif,maximize,0.773678,0.976282,0.202605,3,Batch_Converged
TUM-TCGA-SWTRNKEQ.tif,maximize,0.576757,0.972024,0.395267,2,Batch_Converged
TUM-TCGA-YYMNGKCA.tif,maximize,0.653417,0.974782,0.321366,3,Batch_Converged
TUM-TCGA-WTEKACHN.tif,maximize,0.808395,0.974920,0.166526,3,Batch_Converged
TUM-TCGA-MTGSPWHG.tif,maximize,0.610627,0.970716,0.360089,2,Batch_Converged
TUM-TCGA-DLIRLRLL.tif,maximize,0.682889,0.969362,0.286474,3,Batch_Converged
TUM-TCGA-KLLNDQMA.tif,maximize,0.664034,0.970544,0.306510,3,Batch_Converged
TUM-TCGA-MWHVWKYL.tif,maximize,0.738768,0.975121,0.236353,3,Batch_Converged
TUM-TCGA-FSGRPDWS.tif,maximize,0.800443,0.974473,0.174030,3,Batch_Converged
TUM-TCGA-KNNFNYDY.tif,maximize,0.697989,0.975751,0.277762,3,Batch_Converged
TUM-TCGA-MWKKHKAY.tif,maximize,0.741296,0.977368,0.236071,3,Batch_Converged
TUM-TCGA-CNFVHYRL.tif,maximize,0.798849,0.973157,0.174308,2,Batch_Converged
TUM-TCGA-IDEHQEHN.tif,maximize,0.801341,0.974344,0.173004,2,Batch_Converged
TUM-TCGA-LHGGEPVY.tif,maximize,0.715222,0.981405,0.266183,3,Target_Reached
TUM-TCGA-IHRFWPNQ.tif,maximize,0.716291,0.967318,0.251027,3,Batch_Converged
TUM-TCGA-FFQGNKPW.tif,maximize,0.816587,0.975711,0.159124,3,Batch_Converged
TUM-TCGA-HMQSTHVK.tif,maximize,0.577951,0.975385,0.397434,2,Batch_Converged
TUM-TCGA-CDYYWLWQ.tif,maximize,0.625579,0.973325,0.347746,1,Batch_Converged
TUM-TCGA-EDPIMFRR.tif,maximize,0.665318,0.975813,0.310495,3,Batch_Converged
TUM-TCGA-TEAYQWHR.tif,maximize,0.767904,0.930289,0.162385,3,Batch_Converged
TUM-TCGA-HSCLLVVC.tif,maximize,0.807553,0.974427,0.166874,3,Batch_Converged
TUM-TCGA-PYQAPTFF.tif,maximize,0.825978,0.976679,0.150701,3,Batch_Converged
TUM-TCGA-PYRYLHER.tif,maximize,0.841671,0.979127,0.137456,2,Batch_Converged
TUM-TCGA-QRDGLKRE.tif,maximize,0.397363,0.959203,0.561839,3,Batch_Converged
TUM-TCGA-AAHMWWKY.tif,maximize,0.839529,0.972138,0.132609,3,Batch_Converged
TUM-TCGA-EINENHRR.tif,maximize,0.602904,0.975330,0.372427,3,Batch_Converged
TUM-TCGA-TMHCWTSV.tif,maximize,0.479611,0.927781,0.448170,1,Degradation
TUM-TCGA-ECEEQIEN.tif,maximize,0.796423,0.968978,0.172556,2,Batch_Converged
TUM-TCGA-HFGLWGYN.tif,maximize,0.881874,0.976010,0.094136,3,Batch_Converged
TUM-TCGA-NFEICACS.tif,maximize,0.760193,0.975298,0.215104,3,Batch_Converged
TUM-TCGA-GGNQRNTK.tif,maximize,0.735236,0.962982,0.227747,3,Batch_Converged
TUM-TCGA-FEGWQWGF.tif,maximize,0.844411,0.981233,0.136822,3,Target_Reached
TUM-TCGA-HHNWDHDA.tif,maximize,0.528616,0.977801,0.449185,3,Batch_Converged
TUM-TCGA-PFLGVQHA.tif,maximize,0.671121,0.978527,0.307406,3,Batch_Converged
TUM-TCGA-WFELPMMC.tif,maximize,0.850448,0.976030,0.125582,3,Batch_Converged
TUM-TCGA-RHETFWAY.tif,maximize,0.810677,0.975859,0.165182,3,Batch_Converged
TUM-TCGA-DSHNPNDS.tif,maximize,0.835805,0.977296,0.141492,3,Batch_Converged
TUM-TCGA-SNLKIGLT.tif,maximize,0.553780,0.980164,0.426384,3,Target_Reached
TUM-TCGA-WHHFECDV.tif,maximize,0.694320,0.975882,0.281562,3,Batch_Converged
TUM-TCGA-TNNAWWQQ.tif,maximize,0.871389,0.976492,0.105103,3,Batch_Converged
TUM-TCGA-QNVCEWFY.tif,maximize,0.438875,0.975095,0.536220,3,Batch_Converged
TUM-TCGA-ECRAHVSP.tif,maximize,0.842018,0.981654,0.139636,3,Target_Reached
TUM-TCGA-KNELMEDP.tif,maximize,0.689464,0.980083,0.290619,3,Target_Reached
TUM-TCGA-YIPLGMCY.tif,maximize,0.495531,0.969329,0.473798,3,Batch_Converged
TUM-TCGA-RPPIELMK.tif,maximize,0.731826,0.972807,0.240980,2,Batch_Converged
TUM-TCGA-ACLMLTMS.tif,maximize,0.753777,0.967138,0.213361,1,Batch_Converged
TUM-TCGA-NSTHTVKV.tif,maximize,0.585112,0.974480,0.389367,2,Batch_Converged
TUM-TCGA-WINTKSNP.tif,maximize,0.737281,0.974251,0.236969,3,Batch_Converged
TUM-TCGA-KTPNFTTS.tif,maximize,0.507827,0.974455,0.466628,2,Batch_Converged
TUM-TCGA-LDSELEAF.tif,maximize,0.784333,0.974082,0.189749,3,Batch_Converged
TUM-TCGA-GCPNWGDV.tif,maximize,0.528983,0.977020,0.448036,3,Batch_Converged
TUM-TCGA-GFHDIYLS.tif,maximize,0.682778,0.978932,0.296154,3,Batch_Converged
TUM-TCGA-PFGPLMHT.tif,maximize,0.547532,0.974262,0.426730,3,Batch_Converged
TUM-TCGA-HLGEPVWT.tif,maximize,0.821362,0.955834,0.134472,3,Batch_Converged
TUM-TCGA-LPADDRRL.tif,maximize,0.612926,0.976501,0.363575,3,Batch_Converged
TUM-TCGA-VCVMYLQN.tif,maximize,0.758724,0.975096,0.216372,3,Batch_Converged
TUM-TCGA-PPKINPLY.tif,maximize,0.707132,0.960928,0.253796,3,Batch_Converged
TUM-TCGA-AFTMSENG.tif,maximize,0.653512,0.979089,0.325577,3,Batch_Converged
TUM-TCGA-ICFYKVSV.tif,maximize,0.682889,0.980617,0.297729,3,Target_Reached
TUM-TCGA-CLVLFSWG.tif,maximize,0.876111,0.963881,0.087770,2,Batch_Converged
TUM-TCGA-TCYSSDPD.tif,maximize,0.846547,0.976233,0.129686,2,Batch_Converged
TUM-TCGA-TWCEHKLC.tif,maximize,0.805155,0.979912,0.174757,3,Batch_Converged
TUM-TCGA-GQNDHHAM.tif,maximize,0.552185,0.971063,0.418878,3,Batch_Converged
TUM-TCGA-ARQMPLYG.tif,maximize,0.820861,0.976611,0.155750,3,Batch_Converged
TUM-TCGA-VDHPAPNS.tif,maximize,0.543181,0.977087,0.433906,3,Batch_Converged
TUM-TCGA-CDFTSHTR.tif,maximize,0.680049,0.978120,0.298071,3,Batch_Converged
TUM-TCGA-HRANTEVF.tif,maximize,0.797083,0.973029,0.175946,3,Batch_Converged
TUM-TCGA-DYDCTFIP.tif,maximize,0.779789,0.977398,0.197609,3,Batch_Converged
TUM-TCGA-WWSTHQHW.tif,maximize,0.776149,0.968639,0.192490,3,Batch_Converged
TUM-TCGA-CFPEWHCA.tif,maximize,0.561661,0.900144,0.338484,1,Degradation
TUM-TCGA-MHCNEEMC.tif,maximize,0.597333,0.979613,0.382280,3,Batch_Converged
TUM-TCGA-GPWFKGAV.tif,maximize,0.867726,0.968232,0.100506,3,Batch_Converged
TUM-TCGA-WQMEKCAR.tif,maximize,0.627504,0.972335,0.344831,2,Batch_Converged
TUM-TCGA-YRLWCDCR.tif,maximize,0.729505,0.978792,0.249287,2,Batch_Converged
TUM-TCGA-WTWCYGVW.tif,maximize,0.812990,0.977697,0.164706,3,Batch_Converged
TUM-TCGA-HPMTKWFV.tif,maximize,0.582139,0.910772,0.328632,3,Batch_Converged
TUM-TCGA-AAHIDTWA.tif,maximize,0.497978,0.952501,0.454524,3,Batch_Converged
TUM-TCGA-LNPMMRWI.tif,maximize,0.884333,0.970648,0.086314,3,Batch_Converged
TUM-TCGA-TPGELSFA.tif,maximize,0.797598,0.963246,0.165648,3,Batch_Converged
TUM-TCGA-FGDKSDLS.tif,maximize,0.875219,0.970508,0.095290,3,Batch_Converged
TUM-TCGA-VSTTKMEK.tif,maximize,0.799485,0.971248,0.171763,3,Batch_Converged
TUM-TCGA-LVNMLFYV.tif,maximize,0.766804,0.976526,0.209722,3,Batch_Converged
TUM-TCGA-ADFSWFVW.tif,maximize,0.844339,0.972080,0.127741,3,Batch_Converged
TUM-TCGA-MFMCRDHR.tif,maximize,0.875942,0.975246,0.099303,3,Batch_Converged
TUM-TCGA-YIMMQHNI.tif,maximize,0.807792,0.978219,0.170427,3,Batch_Converged
TUM-TCGA-DNWSMETL.tif,maximize,0.800565,0.975885,0.175320,3,Batch_Converged
TUM-TCGA-TQPSMNNH.tif,maximize,0.476754,0.977605,0.500851,3,Batch_Converged
TUM-TCGA-MQPIVCIV.tif,maximize,0.812028,0.978725,0.166697,3,Batch_Converged
TUM-TCGA-EKCPWQMD.tif,maximize,0.787752,0.966061,0.178309,3,Batch_Converged
TUM-TCGA-CYLCEVWF.tif,maximize,0.819450,0.973110,0.153660,3,Batch_Converged
TUM-TCGA-IMWFDGEC.tif,maximize,0.715147,0.975613,0.260465,3,Batch_Converged
TUM-TCGA-HPMWYQNH.tif,maximize,0.792175,0.976019,0.183844,3,Batch_Converged
TUM-TCGA-YPPSLHGS.tif,maximize,0.886046,0.975881,0.089835,2,Batch_Converged
TUM-TCGA-NEWAHHFF.tif,maximize,0.419324,0.695427,0.276103,3,Batch_Converged
TUM-TCGA-CLVNGWNI.tif,maximize,0.587418,0.977789,0.390371,3,Batch_Converged
TUM-TCGA-HTYILPLG.tif,maximize,0.693294,0.970675,0.277381,3,Batch_Converged
TUM-TCGA-DRQYQYNR.tif,maximize,0.772056,0.975299,0.203243,3,Batch_Converged
TUM-TCGA-CNPSCKCI.tif,maximize,0.759521,0.976732,0.217210,2,Batch_Converged
TUM-TCGA-LEMFAQRS.tif,maximize,0.654659,0.978524,0.323865,3,Batch_Converged
TUM-TCGA-SSWNCSGL.tif,maximize,0.892219,0.976501,0.084282,3,Batch_Converged
TUM-TCGA-LYPKCSAA.tif,maximize,0.471684,0.973284,0.501600,3,Batch_Converged
TUM-TCGA-PWFSTKGP.tif,maximize,0.289536,0.892084,0.602548,3,Batch_Converged
TUM-TCGA-WSVKDCDR.tif,maximize,0.805431,0.979049,0.173618,3,Batch_Converged
TUM-TCGA-KYCITYVQ.tif,maximize,0.819910,0.982114,0.162205,3,Target_Reached
TUM-TCGA-DKNTWMFH.tif,maximize,0.498087,0.979661,0.481574,3,Batch_Converged
TUM-TCGA-FMNCTCRK.tif,maximize,0.768171,0.974416,0.206244,3,Batch_Converged
TUM-TCGA-DLDTFMGH.tif,maximize,0.661441,0.945950,0.284509,1,Batch_Converged
TUM-TCGA-WKVESLGM.tif,maximize,0.793898,0.974535,0.180636,3,Batch_Converged
TUM-TCGA-DLGISCNL.tif,maximize,0.687713,0.977293,0.289580,3,Batch_Converged
TUM-TCGA-RHENGLIL.tif,maximize,0.518448,0.980970,0.462522,3,Target_Reached
TUM-TCGA-GPLFAAEG.tif,minimize,0.188853,0.003406,0.185447,1,Target_Reached
TUM-TCGA-CLPWMANH.tif,maximize,0.824816,0.975637,0.150821,3,Batch_Converged
TUM-TCGA-MAKRISYG.tif,maximize,0.740019,0.974827,0.234808,3,Batch_Converged
TUM-TCGA-LHRQHHVQ.tif,maximize,0.834115,0.969167,0.135052,2,Batch_Converged
TUM-TCGA-KMDHNIET.tif,maximize,0.358324,0.978006,0.619682,2,Batch_Converged
TUM-TCGA-LSNNQADL.tif,maximize,0.645673,0.967749,0.322076,3,Batch_Converged
TUM-TCGA-GSIIKYTR.tif,maximize,0.776620,0.958602,0.181982,3,Batch_Converged
TUM-TCGA-FMLQGKCG.tif,maximize,0.651961,0.974355,0.322393,3,Batch_Converged
TUM-TCGA-LVTEQQYM.tif,maximize,0.790457,0.979096,0.188639,3,Batch_Converged
TUM-TCGA-GQCGFCEV.tif,maximize,0.464834,0.975357,0.510523,3,Batch_Converged
TUM-TCGA-ICYPMPFW.tif,maximize,0.593836,0.957030,0.363194,3,Batch_Converged
TUM-TCGA-TLHVKQWN.tif,maximize,0.712197,0.962480,0.250283,3,Batch_Converged
TUM-TCGA-DRDHERIF.tif,maximize,0.668522,0.975860,0.307338,2,Batch_Converged
TUM-TCGA-LGRYQFTK.tif,maximize,0.718503,0.978512,0.260009,2,Batch_Converged
TUM-TCGA-NEEYLWTN.tif,maximize,0.641592,0.973800,0.332208,3,Batch_Converged
TUM-TCGA-DANMNDDG.tif,maximize,0.689986,0.975606,0.285620,3,Batch_Converged
TUM-TCGA-GAVCKWTQ.tif,maximize,0.456170,0.977232,0.521061,3,Batch_Converged
TUM-TCGA-IYAKYYAL.tif,maximize,0.872463,0.972204,0.099741,3,Batch_Converged
TUM-TCGA-WTVKYCKM.tif,maximize,0.541311,0.972749,0.431438,3,Batch_Converged
TUM-TCGA-YPDYPWHW.tif,maximize,0.753818,0.978327,0.224509,3,Batch_Converged
TUM-TCGA-GHVDWHYR.tif,maximize,0.709990,0.977411,0.267421,3,Batch_Converged
TUM-TCGA-INALPIPE.tif,maximize,0.789915,0.973688,0.183772,3,Batch_Converged
TUM-TCGA-AEKWGDVR.tif,maximize,0.786689,0.975953,0.189265,3,Batch_Converged
TUM-TCGA-CNQIDRGC.tif,maximize,0.572375,0.976219,0.403845,3,Batch_Converged
TUM-TCGA-LHKMDKPA.tif,maximize,0.723567,0.975472,0.251906,2,Batch_Converged
TUM-TCGA-FWNVPIHK.tif,maximize,0.571924,0.978719,0.406795,3,Batch_Converged
TUM-TCGA-YLSKTEDG.tif,maximize,0.844186,0.976630,0.132444,3,Batch_Converged
TUM-TCGA-SHTRPLQR.tif,maximize,0.870576,0.975781,0.105205,3,Batch_Converged
TUM-TCGA-WNGKDMLE.tif,maximize,0.565416,0.972843,0.407427,3,Batch_Converged
TUM-TCGA-QLIVPQMH.tif,maximize,0.613782,0.974065,0.360283,3,Batch_Converged
TUM-TCGA-SAAKYWKG.tif,maximize,0.881237,0.976218,0.094981,3,Batch_Converged
TUM-TCGA-GWPNDCTE.tif,maximize,0.771719,0.976156,0.204437,3,Batch_Converged
TUM-TCGA-PDFCANCS.tif,maximize,0.543998,0.968636,0.424638,3,Batch_Converged
TUM-TCGA-EIMWQLFY.tif,minimize,0.270892,0.008031,0.262860,1,Target_Reached
TUM-TCGA-FDFCLHRN.tif,maximize,0.778291,0.981033,0.202742,3,Target_Reached
TUM-TCGA-PKITYTIQ.tif,maximize,0.357954,0.906587,0.548633,3,Batch_Converged
TUM-TCGA-SPTKLDKH.tif,maximize,0.823185,0.972753,0.149569,2,Batch_Converged
TUM-TCGA-SHMGTLSK.tif,maximize,0.495704,0.972313,0.476609,3,Batch_Converged
TUM-TCGA-DQFHMSSR.tif,maximize,0.632731,0.979160,0.346429,3,Batch_Converged
TUM-TCGA-NFFLWMTL.tif,maximize,0.713907,0.959624,0.245717,3,Batch_Converged
TUM-TCGA-ENEDSRFF.tif,maximize,0.438931,0.965468,0.526537,3,Batch_Converged
TUM-TCGA-ICYTPGGR.tif,maximize,0.829761,0.976029,0.146268,3,Batch_Converged
TUM-TCGA-SAYMECTS.tif,maximize,0.811227,0.974307,0.163080,3,Batch_Converged
TUM-TCGA-IFGTYIRN.tif,maximize,0.782608,0.977308,0.194701,3,Batch_Converged
TUM-TCGA-FYRREINM.tif,maximize,0.682196,0.962863,0.280667,3,Batch_Converged
TUM-TCGA-IAWYNNDH.tif,maximize,0.755293,0.973683,0.218390,3,Batch_Converged
TUM-TCGA-VQWPMWTE.tif,maximize,0.815188,0.970665,0.155477,2,Batch_Converged
TUM-TCGA-QCVSFAPQ.tif,maximize,0.846448,0.973776,0.127327,3,Batch_Converged
TUM-TCGA-QFTQWITN.tif,maximize,0.718736,0.974314,0.255578,3,Batch_Converged
TUM-TCGA-CPGFFWEW.tif,maximize,0.835124,0.978971,0.143847,3,Batch_Converged
TUM-TCGA-DMWIRVQP.tif,maximize,0.529865,0.965005,0.435140,3,Batch_Converged
TUM-TCGA-WQGGQHKI.tif,maximize,0.001246,0.902236,0.900990,3,Batch_Converged
TUM-TCGA-HLFQKHCD.tif,maximize,0.453278,0.975337,0.522059,2,Batch_Converged
TUM-TCGA-KANHACPC.tif,maximize,0.804861,0.976557,0.171695,3,Batch_Converged
TUM-TCGA-WEKFFNEV.tif,maximize,0.757945,0.976941,0.218996,3,Batch_Converged
TUM-TCGA-CLQPTHLI.tif,maximize,0.372260,0.950763,0.578503,3,Batch_Converged
TUM-TCGA-QQKKMCAS.tif,maximize,0.511541,0.973551,0.462010,3,Batch_Converged
TUM-TCGA-SWQSYGEH.tif,maximize,0.774480,0.977922,0.203441,3,Batch_Converged
TUM-TCGA-LMPHCTTI.tif,maximize,0.865689,0.971051,0.105362,3,Batch_Converged
TUM-TCGA-DMPWNDNH.tif,maximize,0.837153,0.955307,0.118154,2,Batch_Converged
TUM-TCGA-VYHRFFIW.tif,maximize,0.741765,0.971344,0.229579,3,Batch_Converged
TUM-TCGA-KKWGSSKR.tif,maximize,0.883446,0.972118,0.088672,2,Batch_Converged
TUM-TCGA-CKVHCAAL.tif,maximize,0.852591,0.975822,0.123231,3,Batch_Converged
TUM-TCGA-AKNQSNCT.tif,maximize,0.547723,0.975196,0.427473,3,Batch_Converged
TUM-TCGA-MHYAGAVH.tif,maximize,0.578048,0.938891,0.360843,3,Batch_Converged
TUM-TCGA-EFQTSEGM.tif,maximize,0.745877,0.938354,0.192477,3,Batch_Converged
TUM-TCGA-FKSKGGHA.tif,maximize,0.858295,0.969601,0.111307,3,Batch_Converged
TUM-TCGA-FVYTKADS.tif,maximize,0.647917,0.972476,0.324560,3,Batch_Converged
TUM-TCGA-VSSGHIGQ.tif,maximize,0.707338,0.970815,0.263476,3,Batch_Converged
TUM-TCGA-CPTKLVLW.tif,maximize,0.592914,0.897805,0.304891,3,Batch_Converged
TUM-TCGA-EGGCFYQN.tif,maximize,0.652599,0.977093,0.324493,3,Batch_Converged
TUM-TCGA-QVFDIGKE.tif,maximize,0.794663,0.963696,0.169033,3,Batch_Converged
TUM-TCGA-SEPNCGVG.tif,maximize,0.835054,0.980571,0.145517,3,Target_Reached
TUM-TCGA-LNGIRYVD.tif,maximize,0.608012,0.973611,0.365599,3,Batch_Converged
TUM-TCGA-GGDHAWDM.tif,maximize,0.533421,0.961782,0.428361,3,Batch_Converged
TUM-TCGA-HNAHRVNQ.tif,maximize,0.629826,0.902401,0.272575,1,Degradation
TUM-TCGA-KNENFFTW.tif,maximize,0.792603,0.980385,0.187783,3,Target_Reached
TUM-TCGA-KPHIKGYE.tif,maximize,0.804953,0.980472,0.175519,3,Target_Reached
TUM-TCGA-QDMCMQMH.tif,maximize,0.801056,0.980397,0.179342,4,Target_Reached
TUM-TCGA-QAAVTCVT.tif,maximize,0.807660,0.971723,0.164063,4,Batch_Converged
TUM-TCGA-KVKTVKNI.tif,maximize,0.822045,0.972273,0.150228,1,Batch_Converged
TUM-TCGA-LTVRAWDG.tif,maximize,0.820008,0.981379,0.161371,3,Target_Reached
TUM-TCGA-DFDGQMIT.tif,maximize,0.770497,0.977011,0.206514,4,Batch_Converged
TUM-TCGA-QVFSQVKA.tif,maximize,0.795694,0.975764,0.180069,4,Batch_Converged
TUM-TCGA-TNEHALKK.tif,maximize,0.818179,0.969751,0.151572,4,Batch_Converged
TUM-TCGA-MPKTAVRA.tif,maximize,0.344423,0.977112,0.632689,4,Batch_Converged
TUM-TCGA-QMAVESCE.tif,maximize,0.800144,0.979359,0.179214,4,Batch_Converged
TUM-TCGA-FTWSNQQF.tif,maximize,0.382983,0.980706,0.597723,4,Target_Reached
TUM-TCGA-MKFWMAGD.tif,minimize,0.613597,0.459000,0.154597,1,Degradation
TUM-TCGA-MPEEWYSI.tif,maximize,0.665607,0.973605,0.307998,4,Batch_Converged
TUM-TCGA-SASEECGE.tif,maximize,0.883220,0.967384,0.084165,4,Batch_Converged
TUM-TCGA-ILKRQVRF.tif,maximize,0.676892,0.976739,0.299847,4,Batch_Converged
TUM-TCGA-RWIVFGDV.tif,maximize,0.584720,0.979190,0.394470,4,Batch_Converged
TUM-TCGA-MWTWWILS.tif,maximize,0.819701,0.977300,0.157599,4,Batch_Converged
TUM-TCGA-MNSVMEMH.tif,maximize,0.727427,0.973772,0.246345,3,Batch_Converged
TUM-TCGA-QGFKARSE.tif,maximize,0.673722,0.978085,0.304363,3,Batch_Converged
TUM-TCGA-AGWWRSVF.tif,maximize,0.835241,0.974772,0.139531,3,Batch_Converged
TUM-TCGA-RNLQAQIN.tif,maximize,0.641265,0.977708,0.336443,2,Batch_Converged
TUM-TCGA-SMQPAPAI.tif,maximize,0.705379,0.977815,0.272436,3,Batch_Converged
TUM-TCGA-HIHCQPII.tif,maximize,0.706532,0.972921,0.266389,2,Batch_Converged
TUM-TCGA-FGRLNKKT.tif,maximize,0.835174,0.973213,0.138039,3,Batch_Converged
TUM-TCGA-FHVHKTDE.tif,maximize,0.763318,0.977444,0.214125,3,Batch_Converged
TUM-TCGA-PQPFTICM.tif,maximize,0.733647,0.966740,0.233094,3,Batch_Converged
TUM-TCGA-PNLNAYRH.tif,maximize,0.043236,0.255662,0.212426,1,Degradation
TUM-TCGA-IEVWMSHS.tif,maximize,0.760764,0.971675,0.210911,3,Batch_Converged
TUM-TCGA-AIHVWIHE.tif,maximize,0.591753,0.929466,0.337713,2,Batch_Converged
TUM-TCGA-SNSVQGKW.tif,maximize,0.846826,0.975574,0.128748,3,Batch_Converged
TUM-TCGA-YLRGCQFV.tif,maximize,0.860068,0.975289,0.115220,2,Batch_Converged
TUM-TCGA-PNSHNHRL.tif,maximize,0.872202,0.972736,0.100534,3,Batch_Converged
TUM-TCGA-NKEAWKEW.tif,maximize,0.597745,0.976754,0.379010,3,Batch_Converged
TUM-TCGA-VSAKVHTA.tif,maximize,0.691677,0.973688,0.282011,3,Batch_Converged
TUM-TCGA-HLSLLAVV.tif,maximize,0.681346,0.978771,0.297424,3,Batch_Converged
TUM-TCGA-LMPGLIPI.tif,maximize,0.505869,0.972476,0.466607,2,Batch_Converged
TUM-TCGA-VYPRRWDT.tif,maximize,0.676417,0.978774,0.302357,2,Batch_Converged
TUM-TCGA-YGPNLDWI.tif,maximize,0.139385,0.974592,0.835207,1,Batch_Converged
TUM-TCGA-DDICTKSE.tif,maximize,0.777057,0.976178,0.199121,2,Batch_Converged
TUM-TCGA-FNKKIPCN.tif,maximize,0.806489,0.979046,0.172556,3,Batch_Converged
TUM-TCGA-NTCMDVQS.tif,maximize,0.607817,0.975341,0.367524,2,Batch_Converged
TUM-TCGA-RLCQPAWT.tif,maximize,0.672018,0.970826,0.298809,3,Batch_Converged
TUM-TCGA-CAFSCCQH.tif,maximize,0.823916,0.967296,0.143379,3,Batch_Converged
TUM-TCGA-SMLWCMRR.tif,maximize,0.585920,0.944855,0.358935,3,Batch_Converged
TUM-TCGA-CHCPSNDQ.tif,maximize,0.878786,0.975477,0.096691,3,Batch_Converged
TUM-TCGA-PIGCSPVC.tif,maximize,0.805605,0.978236,0.172631,3,Batch_Converged
TUM-TCGA-NVEHTCNR.tif,maximize,0.766453,0.981017,0.214564,3,Target_Reached
TUM-TCGA-FWEEPTNM.tif,maximize,0.571609,0.977445,0.405836,3,Batch_Converged
TUM-TCGA-FGGWQFQY.tif,maximize,0.414037,0.956386,0.542349,2,Batch_Converged
TUM-TCGA-WVDMMPFY.tif,maximize,0.801409,0.969534,0.168125,3,Batch_Converged
TUM-TCGA-PLSMRYLG.tif,maximize,0.791813,0.978809,0.186996,3,Batch_Converged
TUM-TCGA-MHNMPWGH.tif,maximize,0.568233,0.968980,0.400747,3,Batch_Converged
TUM-TCGA-QMKNKPNS.tif,maximize,0.458640,0.970822,0.512182,3,Batch_Converged
TUM-TCGA-DEEDLANG.tif,maximize,0.744526,0.978313,0.233788,3,Batch_Converged
TUM-TCGA-DQTGWSDP.tif,maximize,0.874142,0.949766,0.075624,1,Batch_Converged
TUM-TCGA-TPRWQIFM.tif,maximize,0.833435,0.976891,0.143456,3,Batch_Converged
TUM-TCGA-SMHTRRWW.tif,maximize,0.459755,0.965849,0.506094,3,Batch_Converged
TUM-TCGA-QCDQRWNI.tif,maximize,0.865110,0.977863,0.112754,3,Batch_Converged
TUM-TCGA-KYCHLVGT.tif,maximize,0.796184,0.973226,0.177042,3,Batch_Converged
TUM-TCGA-QWNAICLM.tif,maximize,0.865244,0.971639,0.106395,2,Batch_Converged
TUM-TCGA-TPQMMRNM.tif,maximize,0.833741,0.973947,0.140206,3,Batch_Converged
TUM-TCGA-EPEYKPDG.tif,maximize,0.782559,0.955381,0.172822,3,Batch_Converged
TUM-TCGA-CVWHRGIH.tif,maximize,0.574616,0.932533,0.357917,3,Batch_Converged
TUM-TCGA-HRDYNIVQ.tif,maximize,0.852588,0.955512,0.102925,2,Batch_Converged
TUM-TCGA-HGQITNED.tif,maximize,0.507131,0.974256,0.467125,3,Batch_Converged
TUM-TCGA-LRDRLGIE.tif,maximize,0.748343,0.980711,0.232368,3,Target_Reached
TUM-TCGA-MGWWLCKA.tif,maximize,0.722095,0.972088,0.249992,3,Batch_Converged
TUM-TCGA-SYVWDWSR.tif,maximize,0.097029,0.970853,0.873823,3,Batch_Converged
TUM-TCGA-TKTMMASS.tif,maximize,0.698133,0.954777,0.256644,3,Batch_Converged
TUM-TCGA-SWASLQNE.tif,maximize,0.802435,0.967444,0.165010,3,Batch_Converged
TUM-TCGA-SCRIKDCL.tif,maximize,0.760232,0.935257,0.175026,2,Batch_Converged
TUM-TCGA-RRSKNENA.tif,maximize,0.761867,0.960391,0.198524,3,Batch_Converged
TUM-TCGA-FSFRGDYE.tif,maximize,0.687095,0.979330,0.292235,3,Batch_Converged
TUM-TCGA-WGHKGFFT.tif,maximize,0.860852,0.972661,0.111810,3,Batch_Converged
TUM-TCGA-AAMWWECY.tif,maximize,0.681569,0.978536,0.296967,3,Batch_Converged
TUM-TCGA-TPDRDWMT.tif,maximize,0.742349,0.978495,0.236147,3,Batch_Converged
TUM-TCGA-CPCAGHDM.tif,maximize,0.732469,0.976921,0.244451,3,Batch_Converged
TUM-TCGA-WWKARIKL.tif,maximize,0.362816,0.979794,0.616978,2,Batch_Converged
TUM-TCGA-NCPLDFGC.tif,maximize,0.823331,0.963071,0.139740,3,Batch_Converged
TUM-TCGA-IKGMMMFA.tif,maximize,0.813798,0.977488,0.163690,3,Batch_Converged
TUM-TCGA-DRHQMTQA.tif,maximize,0.439318,0.976979,0.537661,3,Batch_Converged
TUM-TCGA-RCGMTMLV.tif,maximize,0.637024,0.976365,0.339341,3,Batch_Converged
TUM-TCGA-LFGLTWYK.tif,maximize,0.818941,0.973938,0.154997,3,Batch_Converged
TUM-TCGA-RFTVECPP.tif,maximize,0.548557,0.965735,0.417178,3,Batch_Converged
TUM-TCGA-NDNKGTGF.tif,maximize,0.770605,0.973396,0.202792,2,Batch_Converged
TUM-TCGA-HFWHRIIS.tif,minimize,0.515114,0.002863,0.512251,2,Target_Reached
TUM-TCGA-PWDEQPSE.tif,maximize,0.845324,0.969385,0.124061,3,Batch_Converged
TUM-TCGA-NDPKFSRC.tif,maximize,0.742310,0.978803,0.236493,3,Batch_Converged
TUM-TCGA-HYRLGPCW.tif,maximize,0.481234,0.981348,0.500113,3,Target_Reached
TUM-TCGA-YRCFVTPS.tif,maximize,0.838024,0.976401,0.138377,3,Batch_Converged
TUM-TCGA-INSPGKRH.tif,maximize,0.820143,0.976652,0.156510,3,Batch_Converged
TUM-TCGA-LYSTNWLS.tif,maximize,0.868884,0.972411,0.103527,2,Batch_Converged
TUM-TCGA-QMYWHNVD.tif,maximize,0.713806,0.973333,0.259527,3,Batch_Converged
TUM-TCGA-VDTNRSGD.tif,maximize,0.217716,0.976865,0.759149,3,Batch_Converged
TUM-TCGA-YCWRAFKH.tif,maximize,0.791045,0.955570,0.164525,3,Batch_Converged
TUM-TCGA-SDEPDIMP.tif,maximize,0.886496,0.974273,0.087777,3,Batch_Converged
TUM-TCGA-TEQLQGAA.tif,maximize,0.828386,0.964767,0.136381,3,Batch_Converged
TUM-TCGA-RACVYGHV.tif,maximize,0.228714,0.892611,0.663897,3,Batch_Converged
TUM-TCGA-LYSRKWYN.tif,maximize,0.821893,0.979798,0.157905,3,Batch_Converged
TUM-TCGA-CMMHPWHP.tif,maximize,0.788670,0.979546,0.190877,3,Batch_Converged
TUM-TCGA-TWSWQRRH.tif,maximize,0.791493,0.973326,0.181833,3,Batch_Converged
TUM-TCGA-QFPHNKLK.tif,maximize,0.728430,0.892866,0.164436,1,Degradation
TUM-TCGA-IHWHGVAH.tif,maximize,0.553768,0.975750,0.421982,3,Batch_Converged
TUM-TCGA-TAKMTPQI.tif,maximize,0.844734,0.980417,0.135682,3,Target_Reached
TUM-TCGA-HHSYHLLR.tif,maximize,0.656334,0.974255,0.317920,3,Batch_Converged
TUM-TCGA-KECNIDCQ.tif,maximize,0.853874,0.971116,0.117243,3,Batch_Converged
TUM-TCGA-IEPFGTCD.tif,maximize,0.568338,0.977488,0.409150,3,Batch_Converged
TUM-TCGA-IKNTNQPT.tif,maximize,0.577940,0.976119,0.398179,2,Batch_Converged
TUM-TCGA-SQPNTTIL.tif,maximize,0.803046,0.959704,0.156658,3,Batch_Converged
TUM-TCGA-LPYDQVCT.tif,maximize,0.705549,0.977534,0.271985,3,Batch_Converged
TUM-TCGA-DPNMGITS.tif,maximize,0.816783,0.972028,0.155245,2,Batch_Converged
TUM-TCGA-HPYWMTRK.tif,maximize,0.458920,0.973992,0.515071,3,Batch_Converged
TUM-TCGA-NYSQAWES.tif,maximize,0.799842,0.968663,0.168821,3,Batch_Converged
TUM-TCGA-SICKPSWH.tif,maximize,0.601922,0.973780,0.371858,3,Batch_Converged
TUM-TCGA-RNHQAAKW.tif,maximize,0.663146,0.979863,0.316718,3,Batch_Converged
TUM-TCGA-IDKSSMKS.tif,maximize,0.688938,0.971692,0.282754,3,Batch_Converged
TUM-TCGA-TSMIEIAY.tif,maximize,0.563130,0.969211,0.406081,3,Batch_Converged
TUM-TCGA-PLNMHCLD.tif,maximize,0.500068,0.978719,0.478652,3,Batch_Converged
TUM-TCGA-GFIMGECT.tif,maximize,0.814884,0.976984,0.162100,3,Batch_Converged
TUM-TCGA-TVMGDACR.tif,maximize,0.756471,0.969608,0.213137,3,Batch_Converged
TUM-TCGA-TRDWMFCL.tif,maximize,0.548274,0.970272,0.421997,2,Batch_Converged
TUM-TCGA-ETIDADTV.tif,maximize,0.559943,0.977319,0.417376,3,Batch_Converged
TUM-TCGA-GIYRPING.tif,maximize,0.824691,0.977485,0.152794,3,Batch_Converged
TUM-TCGA-DQPFGFNQ.tif,maximize,0.773965,0.973990,0.200025,3,Batch_Converged
TUM-TCGA-YKRNTCPA.tif,maximize,0.733568,0.967829,0.234261,3,Batch_Converged
TUM-TCGA-VKPDRIIG.tif,maximize,0.822920,0.977102,0.154182,3,Batch_Converged
TUM-TCGA-RVYFYIPN.tif,maximize,0.551609,0.978980,0.427371,3,Batch_Converged
TUM-TCGA-ICAHYPRN.tif,maximize,0.814220,0.976751,0.162531,3,Batch_Converged
TUM-TCGA-SDIQNRDC.tif,maximize,0.782658,0.975560,0.192902,3,Batch_Converged
TUM-TCGA-KDMVCSDH.tif,maximize,0.802503,0.968801,0.166298,3,Batch_Converged
TUM-TCGA-ELFHSYQR.tif,maximize,0.626807,0.976005,0.349199,3,Batch_Converged
TUM-TCGA-ICWMRSLV.tif,maximize,0.843496,0.978193,0.134697,3,Batch_Converged
TUM-TCGA-CTEILLGN.tif,maximize,0.332670,0.975954,0.643283,2,Batch_Converged
TUM-TCGA-QHDMHCGH.tif,maximize,0.838882,0.976292,0.137410,3,Batch_Converged
TUM-TCGA-SAFQDYNR.tif,maximize,0.551159,0.974859,0.423700,3,Batch_Converged
TUM-TCGA-RPGITYLL.tif,maximize,0.617686,0.978273,0.360587,3,Batch_Converged
TUM-TCGA-RPNGVKIT.tif,maximize,0.864238,0.959093,0.094856,1,Batch_Converged
TUM-TCGA-WNVPNNNP.tif,maximize,0.822464,0.973217,0.150753,3,Batch_Converged
TUM-TCGA-IYDNVIHF.tif,maximize,0.659815,0.974296,0.314481,3,Batch_Converged
TUM-TCGA-VRHTHVYT.tif,maximize,0.814112,0.971805,0.157692,2,Batch_Converged
TUM-TCGA-MREDRCLD.tif,maximize,0.817573,0.975781,0.158208,3,Batch_Converged
TUM-TCGA-WWPCTTVI.tif,maximize,0.682956,0.976705,0.293749,3,Batch_Converged
TUM-TCGA-DDKDERLI.tif,maximize,0.764666,0.973981,0.209315,3,Batch_Converged
TUM-TCGA-GADGDFHA.tif,maximize,0.926631,0.980357,0.053726,2,Target_Reached
TUM-TCGA-NLLARDLG.tif,maximize,0.688841,0.934160,0.245319,3,Batch_Converged
TUM-TCGA-GNNQESYV.tif,maximize,0.677516,0.973485,0.295969,3,Batch_Converged
TUM-TCGA-SIAPMPLH.tif,maximize,0.904478,0.974322,0.069844,3,Batch_Converged
TUM-TCGA-DFHSETVH.tif,maximize,0.777291,0.980752,0.203461,2,Target_Reached
TUM-TCGA-WDQPMGKK.tif,maximize,0.480435,0.977082,0.496647,3,Batch_Converged
TUM-TCGA-RCIRGTEI.tif,maximize,0.825799,0.973457,0.147657,3,Batch_Converged
TUM-TCGA-YLEYIGGD.tif,maximize,0.819750,0.977949,0.158199,3,Batch_Converged
TUM-TCGA-CECYKQQS.tif,maximize,0.813457,0.979752,0.166295,3,Batch_Converged
TUM-TCGA-HSYSCCTH.tif,maximize,0.682750,0.977785,0.295035,3,Batch_Converged
TUM-TCGA-WYTLDHRQ.tif,maximize,0.564921,0.974270,0.409349,3,Batch_Converged
TUM-TCGA-GCKYNPRD.tif,maximize,0.767974,0.967990,0.200015,2,Batch_Converged
TUM-TCGA-DDAPWQAI.tif,maximize,0.691150,0.975555,0.284406,3,Batch_Converged
TUM-TCGA-FGHWDQGV.tif,minimize,0.154291,0.003247,0.151043,1,Target_Reached
TUM-TCGA-PSGMWIWT.tif,maximize,0.405042,0.966679,0.561637,1,Batch_Converged
TUM-TCGA-LFHARGET.tif,maximize,0.757335,0.974657,0.217322,3,Batch_Converged
TUM-TCGA-KGSESWFP.tif,maximize,0.599307,0.974659,0.375352,3,Batch_Converged
TUM-TCGA-HYTSVTKD.tif,maximize,0.606070,0.974821,0.368751,3,Batch_Converged
TUM-TCGA-DTFSQVSQ.tif,maximize,0.817576,0.972931,0.155356,2,Batch_Converged
TUM-TCGA-KAQSKADL.tif,maximize,0.901744,0.974669,0.072925,3,Batch_Converged
TUM-TCGA-DCRFESDS.tif,maximize,0.629684,0.971711,0.342027,3,Batch_Converged
TUM-TCGA-FTYNKTAP.tif,maximize,0.569143,0.976885,0.407741,2,Batch_Converged
TUM-TCGA-GLWALNCG.tif,maximize,0.872964,0.974488,0.101524,3,Batch_Converged
TUM-TCGA-MQNYFIPI.tif,maximize,0.662958,0.971263,0.308305,3,Batch_Converged
TUM-TCGA-EWWRCKYH.tif,maximize,0.092785,0.970071,0.877285,3,Batch_Converged
TUM-TCGA-KRDPYCGH.tif,maximize,0.728129,0.972448,0.244319,3,Batch_Converged
TUM-TCGA-GMKFRNGR.tif,maximize,0.494552,0.967206,0.472654,3,Batch_Converged
TUM-TCGA-FPLSLTML.tif,maximize,0.861074,0.970202,0.109128,3,Batch_Converged
TUM-TCGA-HRWPHLPI.tif,maximize,0.713994,0.967399,0.253405,3,Batch_Converged
TUM-TCGA-AQDLQAHE.tif,maximize,0.641362,0.974829,0.333468,3,Batch_Converged
TUM-TCGA-YPTENGTI.tif,maximize,0.713729,0.976542,0.262812,2,Batch_Converged
TUM-TCGA-KGAPYVPN.tif,maximize,0.898941,0.976382,0.077441,3,Batch_Converged
TUM-TCGA-PMFSWNQI.tif,maximize,0.891689,0.974415,0.082726,3,Batch_Converged
TUM-TCGA-QIWCVCTM.tif,maximize,0.754323,0.973798,0.219475,3,Batch_Converged
TUM-TCGA-HICYWKVL.tif,maximize,0.587571,0.978631,0.391059,4,Batch_Converged
TUM-TCGA-ISEHHENC.tif,maximize,0.646316,0.972000,0.325685,4,Batch_Converged
TUM-TCGA-QDDKASEI.tif,minimize,0.526893,0.484847,0.042046,1,Degradation
TUM-TCGA-QAGKLSWN.tif,maximize,0.675608,0.965366,0.289758,4,Batch_Converged
TUM-TCGA-WHGKWSML.tif,maximize,0.835263,0.980880,0.145617,4,Target_Reached
TUM-TCGA-VFFLWHSQ.tif,maximize,0.795462,0.978364,0.182901,4,Batch_Converged
TUM-TCGA-QGFEDYDG.tif,maximize,0.533287,0.977605,0.444318,4,Batch_Converged
TUM-TCGA-TSKRHPMN.tif,maximize,0.808043,0.978886,0.170844,4,Batch_Converged
TUM-TCGA-LATWGEKN.tif,maximize,0.652185,0.978437,0.326252,3,Batch_Converged
TUM-TCGA-MCMFKGMQ.tif,maximize,0.599601,0.977673,0.378073,4,Batch_Converged
TUM-TCGA-WHSQYKTS.tif,maximize,0.647596,0.979537,0.331941,4,Batch_Converged
TUM-TCGA-NFEAMAEK.tif,maximize,0.727547,0.975403,0.247855,2,Batch_Converged
TUM-TCGA-CEPQLGTW.tif,minimize,0.743544,0.686475,0.057069,1,Degradation
TUM-TCGA-PGCMPTAH.tif,maximize,0.744084,0.975831,0.231747,3,Batch_Converged
TUM-TCGA-NFGGLIPY.tif,maximize,0.747913,0.980470,0.232556,4,Target_Reached
TUM-TCGA-GNHAKRQY.tif,maximize,0.010818,0.978823,0.968005,3,Batch_Converged
TUM-TCGA-CCWTYYVA.tif,maximize,0.839101,0.977056,0.137956,3,Batch_Converged
TUM-TCGA-SFKRMEKY.tif,maximize,0.466334,0.980914,0.514581,2,Target_Reached
TUM-TCGA-KYCMHQNI.tif,maximize,0.805575,0.977596,0.172021,3,Batch_Converged
TUM-TCGA-TMFNKGKQ.tif,maximize,0.690470,0.981414,0.290944,3,Target_Reached
TUM-TCGA-LAFDNVLN.tif,maximize,0.685719,0.978539,0.292820,3,Batch_Converged
TUM-TCGA-GYVATKWF.tif,maximize,0.812589,0.955704,0.143115,3,Batch_Converged
TUM-TCGA-YGNCMWVW.tif,maximize,0.878545,0.978022,0.099477,3,Batch_Converged
TUM-TCGA-ATQAIGRC.tif,maximize,0.755315,0.977679,0.222364,3,Batch_Converged
TUM-TCGA-DMFYPHMC.tif,maximize,0.876281,0.976139,0.099857,3,Batch_Converged
TUM-TCGA-GRLVTTDL.tif,maximize,0.788049,0.977395,0.189346,2,Batch_Converged
TUM-TCGA-NMPCDPCQ.tif,maximize,0.637500,0.978317,0.340817,3,Batch_Converged
TUM-TCGA-ELKLWGFP.tif,maximize,0.758042,0.973678,0.215636,1,Batch_Converged
TUM-TCGA-LDDYLHDK.tif,maximize,0.587772,0.975756,0.387984,2,Batch_Converged
TUM-TCGA-HDGVTGNM.tif,maximize,0.724993,0.924076,0.199083,3,Batch_Converged
TUM-TCGA-TFDMNWIH.tif,maximize,0.670734,0.976599,0.305864,3,Batch_Converged
TUM-TCGA-PQVKLCAE.tif,maximize,0.636397,0.978511,0.342114,3,Batch_Converged
TUM-TCGA-YQVQDQKV.tif,maximize,0.736281,0.978982,0.242700,3,Batch_Converged
TUM-TCGA-LGYDLYNR.tif,maximize,0.643105,0.976088,0.332983,3,Batch_Converged
TUM-TCGA-DFENRQYQ.tif,maximize,0.692579,0.956566,0.263987,3,Batch_Converged
TUM-TCGA-AFQMWAQK.tif,maximize,0.732683,0.954713,0.222029,1,Batch_Converged
TUM-TCGA-CCKYNWHT.tif,maximize,0.619233,0.976609,0.357376,3,Batch_Converged
TUM-TCGA-LPRPRAVE.tif,maximize,0.824214,0.973220,0.149007,2,Batch_Converged
TUM-TCGA-VGYVKHTI.tif,maximize,0.835146,0.973751,0.138605,3,Batch_Converged
TUM-TCGA-SNRGSIDS.tif,maximize,0.892719,0.974220,0.081501,3,Batch_Converged
TUM-TCGA-KEHVDCWD.tif,maximize,0.031812,0.976368,0.944556,3,Batch_Converged
TUM-TCGA-NLDNTHKN.tif,maximize,0.645620,0.959357,0.313737,1,Batch_Converged
TUM-TCGA-AMLIWPII.tif,maximize,0.792666,0.976773,0.184107,3,Batch_Converged
TUM-TCGA-RWLTCVYD.tif,maximize,0.582458,0.976304,0.393847,2,Batch_Converged
TUM-TCGA-FIEIPRQS.tif,maximize,0.529256,0.969300,0.440043,1,Batch_Converged
TUM-TCGA-ERWLMVWW.tif,minimize,0.647679,0.546583,0.101096,1,Degradation
TUM-TCGA-YEIIFWDM.tif,maximize,0.491682,0.972744,0.481063,2,Batch_Converged
TUM-TCGA-SGNPFINT.tif,maximize,0.655574,0.969064,0.313490,2,Batch_Converged
TUM-TCGA-FRRLAQCS.tif,maximize,0.804526,0.970732,0.166206,3,Batch_Converged
TUM-TCGA-HFKEAKMF.tif,maximize,0.841091,0.977045,0.135954,3,Batch_Converged
TUM-TCGA-WKQAVAWA.tif,maximize,0.728976,0.939970,0.210993,3,Batch_Converged
TUM-TCGA-CYQMQFDS.tif,maximize,0.866827,0.977196,0.110369,3,Batch_Converged
TUM-TCGA-MTDKEVCW.tif,maximize,0.812364,0.978972,0.166609,3,Batch_Converged
TUM-TCGA-PTQEQDVE.tif,maximize,0.600946,0.980567,0.379621,3,Target_Reached
TUM-TCGA-PEEGNSLE.tif,maximize,0.899301,0.976908,0.077607,3,Batch_Converged
TUM-TCGA-AFEFPRFM.tif,maximize,0.673428,0.979268,0.305840,3,Batch_Converged
TUM-TCGA-SFLINHHW.tif,maximize,0.347946,0.971502,0.623556,1,Batch_Converged
TUM-TCGA-FWLPCYTG.tif,maximize,0.415484,0.972019,0.556535,3,Batch_Converged
TUM-TCGA-YQANEHWH.tif,maximize,0.787843,0.971001,0.183158,3,Batch_Converged
TUM-TCGA-MVCTMCQN.tif,maximize,0.552469,0.974862,0.422394,3,Batch_Converged
TUM-TCGA-WNTEIIWF.tif,maximize,0.660722,0.970706,0.309984,3,Batch_Converged
TUM-TCGA-GVIFDHRE.tif,maximize,0.690721,0.974480,0.283759,3,Batch_Converged
TUM-TCGA-RMHCQSHI.tif,maximize,0.836423,0.977452,0.141029,3,Batch_Converged
TUM-TCGA-QNLQFNYA.tif,maximize,0.701767,0.970218,0.268451,3,Batch_Converged
TUM-TCGA-WFNCVHGE.tif,maximize,0.649235,0.977544,0.328309,3,Batch_Converged
TUM-TCGA-MKTKMIGK.tif,maximize,0.803541,0.974892,0.171351,1,Batch_Converged
TUM-TCGA-LEDWCPLK.tif,maximize,0.819758,0.973321,0.153564,3,Batch_Converged
TUM-TCGA-GDTHNIAN.tif,maximize,0.704399,0.971148,0.266750,3,Batch_Converged
TUM-TCGA-MKWGAKAL.tif,maximize,0.846980,0.974298,0.127318,3,Batch_Converged
TUM-TCGA-TKCKMMLC.tif,maximize,0.853801,0.936095,0.082294,2,Batch_Converged
TUM-TCGA-RTPCHGKE.tif,maximize,0.784500,0.972611,0.188111,3,Batch_Converged
TUM-TCGA-VHPAFQWH.tif,maximize,0.777999,0.974189,0.196190,3,Batch_Converged
TUM-TCGA-HEDFFNIR.tif,maximize,0.672917,0.960567,0.287650,2,Batch_Converged
TUM-TCGA-RYPWHMYF.tif,maximize,0.739427,0.974464,0.235037,3,Batch_Converged
TUM-TCGA-DSRDQELI.tif,maximize,0.834704,0.978648,0.143944,3,Batch_Converged
TUM-TCGA-DFKPEDSY.tif,maximize,0.840102,0.969605,0.129502,3,Batch_Converged
TUM-TCGA-TQAPSWSL.tif,maximize,0.775450,0.973630,0.198180,3,Batch_Converged
TUM-TCGA-CCMSGGFA.tif,maximize,0.824803,0.974838,0.150035,3,Batch_Converged
TUM-TCGA-FYERAPAL.tif,maximize,0.689944,0.973961,0.284017,3,Batch_Converged
TUM-TCGA-RPFYLPNT.tif,maximize,0.744839,0.972773,0.227935,2,Batch_Converged
TUM-TCGA-FPFWGWCW.tif,maximize,0.760552,0.972458,0.211906,3,Batch_Converged
TUM-TCGA-GVIPWAYQ.tif,maximize,0.823428,0.971597,0.148169,2,Batch_Converged
TUM-TCGA-KCLWLVRL.tif,maximize,0.689035,0.981484,0.292449,3,Target_Reached
TUM-TCGA-IDFMNYIA.tif,maximize,0.814713,0.975436,0.160723,2,Batch_Converged
TUM-TCGA-FTYSRTMR.tif,maximize,0.782833,0.964361,0.181528,2,Batch_Converged
TUM-TCGA-DTRMVHAV.tif,maximize,0.722287,0.969147,0.246860,3,Batch_Converged
TUM-TCGA-HKDNNDEH.tif,maximize,0.801134,0.977928,0.176794,3,Batch_Converged
TUM-TCGA-QAFYTFNW.tif,maximize,0.746897,0.964833,0.217936,3,Batch_Converged
TUM-TCGA-KVHKHLIE.tif,maximize,0.692476,0.977384,0.284907,3,Batch_Converged
TUM-TCGA-VFMDVYKA.tif,maximize,0.745051,0.944106,0.199055,2,Batch_Converged
TUM-TCGA-KSNHMYMQ.tif,maximize,0.540851,0.979087,0.438236,3,Batch_Converged
TUM-TCGA-HGWYNCVN.tif,maximize,0.768034,0.978214,0.210180,3,Batch_Converged
TUM-TCGA-INIMPWNT.tif,maximize,0.770542,0.978707,0.208165,3,Batch_Converged
TUM-TCGA-PTIGDCPG.tif,maximize,0.859371,0.976488,0.117117,3,Batch_Converged
TUM-TCGA-PPASYRYY.tif,maximize,0.704728,0.952598,0.247870,1,Degradation
TUM-TCGA-SWNPCGYK.tif,maximize,0.910128,0.973483,0.063355,3,Batch_Converged
TUM-TCGA-LREMNVHC.tif,maximize,0.770699,0.980622,0.209923,3,Target_Reached
TUM-TCGA-QRCNWSMY.tif,maximize,0.659228,0.970441,0.311213,2,Batch_Converged
TUM-TCGA-MRRTVLCT.tif,maximize,0.754731,0.966279,0.211548,3,Batch_Converged
TUM-TCGA-LFRQPVHG.tif,maximize,0.701676,0.975084,0.273408,3,Batch_Converged
TUM-TCGA-WGAYMLAF.tif,maximize,0.410136,0.959109,0.548973,3,Batch_Converged
TUM-TCGA-SHQAIYIW.tif,maximize,0.863249,0.958533,0.095285,1,Batch_Converged
TUM-TCGA-GIEKCWCA.tif,maximize,0.750854,0.979646,0.228792,3,Batch_Converged
TUM-TCGA-SSMIAINM.tif,maximize,0.321887,0.975473,0.653586,3,Batch_Converged
TUM-TCGA-DDCTDCLF.tif,maximize,0.394341,0.979388,0.585047,2,Batch_Converged
TUM-TCGA-GVCPRTHW.tif,maximize,0.717638,0.954731,0.237093,3,Batch_Converged
TUM-TCGA-HISRALSR.tif,maximize,0.637382,0.976242,0.338861,3,Batch_Converged
TUM-TCGA-EDYTKCIL.tif,maximize,0.400787,0.969888,0.569102,3,Batch_Converged
TUM-TCGA-KRCAPPRQ.tif,maximize,0.766438,0.970683,0.204245,3,Batch_Converged
TUM-TCGA-TVLQEGRL.tif,maximize,0.586676,0.971478,0.384802,3,Batch_Converged
TUM-TCGA-GKWWMDAL.tif,maximize,0.680904,0.928101,0.247197,3,Batch_Converged
TUM-TCGA-TAGWTYIG.tif,maximize,0.696239,0.978462,0.282223,3,Batch_Converged
TUM-TCGA-HQHPCFYY.tif,maximize,0.830198,0.980183,0.149985,3,Target_Reached
TUM-TCGA-AIRWLNGQ.tif,maximize,0.678305,0.971027,0.292723,2,Batch_Converged
TUM-TCGA-PIVCQFYQ.tif,maximize,0.104336,0.421597,0.317262,2,Batch_Converged
TUM-TCGA-SYKRCDGF.tif,maximize,0.783196,0.974637,0.191440,2,Batch_Converged
TUM-TCGA-VEQRGDTQ.tif,maximize,0.676737,0.975707,0.298970,3,Batch_Converged
TUM-TCGA-WIHKSRHN.tif,maximize,0.002565,0.970686,0.968121,2,Degradation
TUM-TCGA-VEEKNWTP.tif,maximize,0.825017,0.974285,0.149268,3,Batch_Converged
TUM-TCGA-CNSQDAMI.tif,maximize,0.825745,0.974586,0.148841,3,Batch_Converged
TUM-TCGA-MDIMFLTQ.tif,maximize,0.715925,0.970018,0.254093,3,Batch_Converged
TUM-TCGA-QAFFQYWM.tif,maximize,0.695420,0.977834,0.282414,3,Batch_Converged
TUM-TCGA-KQRFLKSD.tif,maximize,0.844100,0.970979,0.126878,3,Batch_Converged
TUM-TCGA-FIGAQIGK.tif,maximize,0.528024,0.968799,0.440776,2,Batch_Converged
TUM-TCGA-KFTNHWTG.tif,maximize,0.707363,0.975118,0.267755,3,Batch_Converged
TUM-TCGA-YGVRGTRT.tif,maximize,0.852275,0.964590,0.112315,3,Batch_Converged
TUM-TCGA-PPNPSWIV.tif,maximize,0.684341,0.958910,0.274569,2,Batch_Converged
TUM-TCGA-QYFHWRLA.tif,maximize,0.819310,0.975771,0.156460,3,Batch_Converged
TUM-TCGA-RLKMNHAS.tif,maximize,0.759642,0.975228,0.215586,3,Batch_Converged
TUM-TCGA-PCVMMFFN.tif,maximize,0.525897,0.974504,0.448607,3,Batch_Converged
TUM-TCGA-TNFYHKAM.tif,maximize,0.870793,0.972167,0.101373,3,Batch_Converged
TUM-TCGA-TVDWAKHP.tif,maximize,0.726501,0.952039,0.225538,3,Batch_Converged
TUM-TCGA-FPRMDWFA.tif,maximize,0.487416,0.966238,0.478821,3,Batch_Converged
TUM-TCGA-ARTHKYNY.tif,maximize,0.612071,0.959708,0.347637,3,Batch_Converged
TUM-TCGA-EGWAQVCK.tif,maximize,0.745089,0.977431,0.232342,3,Batch_Converged
TUM-TCGA-CQPASATD.tif,maximize,0.793534,0.977455,0.183922,3,Batch_Converged
TUM-TCGA-HRFDYCHH.tif,maximize,0.262049,0.949363,0.687313,3,Batch_Converged
TUM-TCGA-RKIIKHQE.tif,maximize,0.675038,0.966087,0.291049,3,Batch_Converged
TUM-TCGA-EYKFASCH.tif,maximize,0.810352,0.970889,0.160538,2,Batch_Converged
TUM-TCGA-KWEDQTEG.tif,minimize,0.617541,0.500103,0.117438,1,Degradation
TUM-TCGA-YTPCKKYY.tif,maximize,0.868314,0.969909,0.101595,3,Batch_Converged
TUM-TCGA-VKGWWHTV.tif,maximize,0.835241,0.977890,0.142650,3,Batch_Converged
TUM-TCGA-IAVFEYYV.tif,maximize,0.786095,0.977932,0.191837,2,Batch_Converged
TUM-TCGA-VITASATG.tif,maximize,0.879390,0.978367,0.098976,3,Batch_Converged
TUM-TCGA-VWVLRARQ.tif,maximize,0.598370,0.938084,0.339714,3,Batch_Converged
TUM-TCGA-WAEEFPKC.tif,maximize,0.762648,0.966018,0.203370,3,Batch_Converged
TUM-TCGA-IFARTNWT.tif,maximize,0.451993,0.966381,0.514388,3,Batch_Converged
TUM-TCGA-YPPNATLE.tif,maximize,0.806679,0.979983,0.173303,2,Batch_Converged
TUM-TCGA-QQVFAIHV.tif,maximize,0.805912,0.966984,0.161072,3,Batch_Converged
TUM-TCGA-EMRLWWYF.tif,maximize,0.630427,0.958025,0.327599,3,Batch_Converged
TUM-TCGA-FTQQEVWI.tif,maximize,0.816240,0.974348,0.158108,3,Batch_Converged
TUM-TCGA-KISWSHLH.tif,maximize,0.691658,0.969615,0.277956,3,Batch_Converged
TUM-TCGA-PGYEVQHA.tif,maximize,0.831182,0.976886,0.145704,3,Batch_Converged
TUM-TCGA-EIAWFKTD.tif,maximize,0.787241,0.951817,0.164576,3,Batch_Converged
TUM-TCGA-TQDTMVLH.tif,maximize,0.688948,0.973461,0.284512,2,Batch_Converged
TUM-TCGA-MRQICAYP.tif,maximize,0.738534,0.979121,0.240587,3,Batch_Converged
TUM-TCGA-YCRGHGEH.tif,maximize,0.723364,0.975518,0.252154,3,Batch_Converged
TUM-TCGA-CCNYVKSI.tif,maximize,0.793781,0.974022,0.180241,3,Batch_Converged
TUM-TCGA-PFLRPKQV.tif,maximize,0.238744,0.970758,0.732014,2,Batch_Converged
TUM-TCGA-TRTTCAGY.tif,maximize,0.784623,0.976509,0.191885,2,Batch_Converged
TUM-TCGA-TPQQHVFA.tif,maximize,0.671723,0.978286,0.306563,3,Batch_Converged
TUM-TCGA-FQYSSYAL.tif,maximize,0.707987,0.976883,0.268896,3,Batch_Converged
TUM-TCGA-TKHPDCAE.tif,maximize,0.855880,0.973882,0.118002,3,Batch_Converged
TUM-TCGA-TYSFIPCK.tif,maximize,0.585247,0.930460,0.345213,3,Batch_Converged
TUM-TCGA-FVIYHYST.tif,maximize,0.799926,0.977329,0.177404,3,Batch_Converged
TUM-TCGA-VPNTRAGP.tif,maximize,0.712435,0.978277,0.265842,3,Batch_Converged
TUM-TCGA-DDGRIHKC.tif,maximize,0.781458,0.971007,0.189548,3,Batch_Converged
TUM-TCGA-DKVYHYEL.tif,maximize,0.836180,0.978087,0.141907,3,Batch_Converged
TUM-TCGA-IFFKSDVE.tif,maximize,0.682744,0.979136,0.296392,2,Batch_Converged
TUM-TCGA-HIFPASAA.tif,maximize,0.882082,0.981045,0.098963,3,Target_Reached
TUM-TCGA-RSSDDFQG.tif,maximize,0.777096,0.975788,0.198692,3,Batch_Converged
TUM-TCGA-RSRFKQNH.tif,maximize,0.814575,0.974621,0.160047,3,Batch_Converged
TUM-TCGA-QWRVRLFG.tif,maximize,0.878983,0.973042,0.094059,3,Batch_Converged
TUM-TCGA-EIPHWTVH.tif,maximize,0.723443,0.967770,0.244327,3,Batch_Converged
TUM-TCGA-DNEPEDGP.tif,maximize,0.810461,0.975605,0.165144,3,Batch_Converged
TUM-TCGA-IWMGYFAY.tif,maximize,0.869848,0.974685,0.104836,3,Batch_Converged
TUM-TCGA-CMMYNLWG.tif,maximize,0.862269,0.937848,0.075579,1,Batch_Converged
TUM-TCGA-TAHQGSCY.tif,maximize,0.627826,0.953843,0.326017,3,Batch_Converged
TUM-TCGA-NSKGGMDI.tif,maximize,0.747799,0.976050,0.228250,3,Batch_Converged
TUM-TCGA-GAWNVYEL.tif,maximize,0.835297,0.979902,0.144605,3,Batch_Converged
TUM-TCGA-LGRQFEST.tif,maximize,0.743372,0.977008,0.233636,2,Batch_Converged
TUM-TCGA-ARFIDYMK.tif,maximize,0.657427,0.973574,0.316147,2,Batch_Converged
TUM-TCGA-NDNAVCKE.tif,maximize,0.766793,0.974568,0.207775,3,Batch_Converged
TUM-TCGA-EGPFWVRL.tif,maximize,0.874294,0.972948,0.098654,3,Batch_Converged
TUM-TCGA-APGGREMC.tif,maximize,0.571987,0.975628,0.403641,3,Batch_Converged
TUM-TCGA-MYPYVDDM.tif,maximize,0.811703,0.955958,0.144255,3,Batch_Converged
TUM-TCGA-VNYETVML.tif,maximize,0.622369,0.970820,0.348451,3,Batch_Converged
TUM-TCGA-APECYHHH.tif,maximize,0.454573,0.957344,0.502772,3,Batch_Converged
TUM-TCGA-QALNCDAE.tif,maximize,0.800866,0.970737,0.169871,3,Batch_Converged
TUM-TCGA-SMPVGTGI.tif,maximize,0.646146,0.974647,0.328501,3,Batch_Converged
TUM-TCGA-SCWTQWVG.tif,maximize,0.810202,0.978529,0.168328,3,Batch_Converged
TUM-TCGA-CHPDPVEF.tif,minimize,0.453312,0.295162,0.158149,2,Degradation
TUM-TCGA-MDEKYTEV.tif,maximize,0.818415,0.973298,0.154883,3,Batch_Converged
TUM-TCGA-EQSESWIS.tif,maximize,0.734971,0.974556,0.239585,2,Batch_Converged
TUM-TCGA-EECCVFDP.tif,maximize,0.828530,0.978671,0.150141,3,Batch_Converged
TUM-TCGA-DECVNDDI.tif,maximize,0.601554,0.975143,0.373589,3,Batch_Converged
TUM-TCGA-ASNPITVV.tif,maximize,0.695759,0.974337,0.278578,3,Batch_Converged
TUM-TCGA-TLNYSQSK.tif,maximize,0.615130,0.974961,0.359831,3,Batch_Converged
TUM-TCGA-HFNEAHRC.tif,maximize,0.789876,0.979771,0.189894,3,Batch_Converged
TUM-TCGA-RWSPDTNC.tif,maximize,0.740943,0.970537,0.229594,3,Batch_Converged
TUM-TCGA-ASSWNPYL.tif,maximize,0.841644,0.978946,0.137302,3,Batch_Converged
TUM-TCGA-LAMVWNIV.tif,maximize,0.865341,0.960781,0.095440,3,Batch_Converged
TUM-TCGA-SQMVYFDS.tif,maximize,0.617156,0.980504,0.363348,3,Target_Reached
TUM-TCGA-IWGGGGRM.tif,maximize,0.827038,0.978243,0.151205,3,Batch_Converged
TUM-TCGA-PFCEFNGR.tif,maximize,0.510490,0.969623,0.459132,1,Batch_Converged
TUM-TCGA-WEAFWWRL.tif,maximize,0.786264,0.968557,0.182293,3,Batch_Converged
TUM-TCGA-YFACDGRD.tif,maximize,0.636866,0.976508,0.339642,2,Batch_Converged
TUM-TCGA-NRDARMGM.tif,maximize,0.522797,0.960242,0.437445,3,Batch_Converged
TUM-TCGA-NPGKFRLF.tif,maximize,0.789638,0.981187,0.191550,3,Target_Reached
TUM-TCGA-TEGTYMPD.tif,maximize,0.784496,0.958422,0.173925,1,Batch_Converged
TUM-TCGA-ACRLPPQE.tif,maximize,0.832748,0.975871,0.143124,3,Batch_Converged
TUM-TCGA-GACHCWKC.tif,maximize,0.790091,0.964908,0.174818,3,Batch_Converged
TUM-TCGA-IWTGCLAQ.tif,maximize,0.688402,0.951322,0.262919,1,Batch_Converged
TUM-TCGA-DLGHKMHT.tif,maximize,0.876040,0.977145,0.101105,3,Batch_Converged
TUM-TCGA-SKVSRGKK.tif,maximize,0.737718,0.971397,0.233680,3,Batch_Converged
TUM-TCGA-YQQCHQDQ.tif,maximize,0.815650,0.977412,0.161761,3,Batch_Converged
TUM-TCGA-YHNAQLRK.tif,maximize,0.826162,0.977345,0.151182,3,Batch_Converged
TUM-TCGA-LYKIRDVM.tif,maximize,0.729565,0.971708,0.242142,3,Batch_Converged
TUM-TCGA-LTQYNESM.tif,maximize,0.832113,0.977944,0.145831,3,Batch_Converged
TUM-TCGA-IEPVIPDS.tif,maximize,0.597518,0.979542,0.382024,3,Batch_Converged
TUM-TCGA-AMGNPWCK.tif,maximize,0.813043,0.980533,0.167490,3,Target_Reached
TUM-TCGA-THQIYEIT.tif,maximize,0.298273,0.967871,0.669597,1,Batch_Converged
TUM-TCGA-DSRDECAP.tif,maximize,0.612854,0.976351,0.363497,3,Batch_Converged
TUM-TCGA-EKHNQFYP.tif,maximize,0.645894,0.977985,0.332090,3,Batch_Converged
TUM-TCGA-DVCPWMQN.tif,maximize,0.318506,0.963228,0.644723,2,Batch_Converged
TUM-TCGA-CWALSWYL.tif,maximize,0.670385,0.975718,0.305332,3,Batch_Converged
TUM-TCGA-LFTDYMNE.tif,maximize,0.807578,0.969307,0.161729,3,Batch_Converged
TUM-TCGA-LSPTNIQQ.tif,maximize,0.803132,0.975969,0.172836,3,Batch_Converged
TUM-TCGA-PHFDWGKA.tif,maximize,0.827663,0.974346,0.146683,3,Batch_Converged
TUM-TCGA-RPPRLRGP.tif,maximize,0.821320,0.976220,0.154899,3,Batch_Converged
TUM-TCGA-YRWIKDYQ.tif,maximize,0.569243,0.982542,0.413299,3,Target_Reached
TUM-TCGA-LFCINIPW.tif,maximize,0.445480,0.974350,0.528870,3,Batch_Converged
TUM-TCGA-PMLSDQLI.tif,maximize,0.808951,0.974584,0.165633,3,Batch_Converged
TUM-TCGA-VRSYKCQY.tif,maximize,0.647356,0.977822,0.330466,3,Batch_Converged
TUM-TCGA-TSWRGKQQ.tif,maximize,0.744502,0.965458,0.220956,1,Degradation
TUM-TCGA-GQVRHEHI.tif,maximize,0.783878,0.971339,0.187461,3,Batch_Converged
TUM-TCGA-MRMERWRN.tif,maximize,0.669992,0.975036,0.305044,3,Batch_Converged
TUM-TCGA-YNHMQSAH.tif,maximize,0.489235,0.977991,0.488755,2,Batch_Converged
TUM-TCGA-EIVGYELE.tif,maximize,0.394688,0.972688,0.578000,3,Batch_Converged
TUM-TCGA-PCLSPSVW.tif,maximize,0.818123,0.978184,0.160062,3,Batch_Converged
TUM-TCGA-ALWWIRAD.tif,maximize,0.813602,0.978920,0.165318,3,Batch_Converged
TUM-TCGA-MMTVQKML.tif,maximize,0.863237,0.971454,0.108217,3,Batch_Converged
TUM-TCGA-YKVIKLLW.tif,maximize,0.601550,0.973470,0.371921,3,Batch_Converged
TUM-TCGA-EAGSAHDC.tif,maximize,0.842762,0.973704,0.130943,3,Batch_Converged
TUM-TCGA-MDAEQFHA.tif,maximize,0.579559,0.973882,0.394323,3,Batch_Converged
TUM-TCGA-MEKVKCAC.tif,maximize,0.835694,0.977510,0.141816,3,Batch_Converged
TUM-TCGA-CMCLPGFF.tif,maximize,0.741683,0.981437,0.239754,3,Target_Reached
TUM-TCGA-LQWLPSTP.tif,maximize,0.735973,0.963084,0.227111,3,Batch_Converged
TUM-TCGA-HWCFKDAG.tif,maximize,0.790984,0.977910,0.186926,3,Batch_Converged
TUM-TCGA-IWNNKHPD.tif,maximize,0.726258,0.936669,0.210411,1,Batch_Converged
TUM-TCGA-SWGFPHMH.tif,maximize,0.797339,0.976506,0.179166,2,Batch_Converged
TUM-TCGA-HQDYGIMR.tif,maximize,0.737522,0.971473,0.233950,3,Batch_Converged
TUM-TCGA-CPRFWWSW.tif,maximize,0.779312,0.975243,0.195931,3,Batch_Converged
TUM-TCGA-QMSYGMFL.tif,maximize,0.477944,0.975246,0.497302,3,Batch_Converged
TUM-TCGA-PTQDDFLA.tif,maximize,0.817884,0.976624,0.158740,3,Batch_Converged
TUM-TCGA-RCPRWSSN.tif,maximize,0.583520,0.954501,0.370981,2,Batch_Converged
TUM-TCGA-KNFWTAIN.tif,maximize,0.592212,0.973714,0.381502,3,Batch_Converged
TUM-TCGA-CWHIALYM.tif,maximize,0.809548,0.971307,0.161760,3,Batch_Converged
TUM-TCGA-YVENDVSR.tif,maximize,0.836862,0.972538,0.135676,2,Batch_Converged
TUM-TCGA-KQTACEYH.tif,maximize,0.568787,0.975935,0.407148,3,Batch_Converged
TUM-TCGA-NWWGMHGL.tif,maximize,0.710917,0.972220,0.261303,3,Batch_Converged
TUM-TCGA-QSYEFCGS.tif,maximize,0.854159,0.974864,0.120705,3,Batch_Converged
TUM-TCGA-DRDTIFAT.tif,maximize,0.670965,0.979840,0.308875,3,Batch_Converged
TUM-TCGA-RHRNTEKC.tif,maximize,0.755173,0.969418,0.214244,2,Batch_Converged
TUM-TCGA-CGYPECGP.tif,maximize,0.707883,0.977060,0.269177,3,Batch_Converged
TUM-TCGA-NLYKRKYD.tif,maximize,0.485440,0.974220,0.488781,3,Batch_Converged
TUM-TCGA-INFPELLI.tif,maximize,0.847680,0.961300,0.113620,3,Batch_Converged
TUM-TCGA-ALMFFQYV.tif,maximize,0.782754,0.977309,0.194555,3,Batch_Converged
TUM-TCGA-RTRVRIGP.tif,maximize,0.896280,0.979093,0.082814,3,Batch_Converged
TUM-TCGA-ATQRPWSY.tif,maximize,0.480987,0.961982,0.480995,3,Batch_Converged
TUM-TCGA-WISDFPKW.tif,maximize,0.830597,0.981161,0.150563,3,Target_Reached
TUM-TCGA-NAGKRKEG.tif,maximize,0.876484,0.974184,0.097700,3,Batch_Converged
TUM-TCGA-PPGFLPMY.tif,maximize,0.786074,0.960335,0.174261,3,Batch_Converged
TUM-TCGA-WRWWWKCT.tif,minimize,0.443880,0.018460,0.425420,1,Target_Reached
TUM-TCGA-KKWSILCD.tif,maximize,0.742960,0.978742,0.235782,3,Batch_Converged
TUM-TCGA-SYGNGQFS.tif,maximize,0.851703,0.973079,0.121376,3,Batch_Converged
TUM-TCGA-TLLCRCAW.tif,maximize,0.090305,0.976350,0.886045,3,Batch_Converged
TUM-TCGA-TTDRQPTE.tif,maximize,0.579903,0.968201,0.388298,3,Batch_Converged
TUM-TCGA-VADKHYYN.tif,maximize,0.853726,0.977814,0.124088,3,Batch_Converged
TUM-TCGA-GKQGYMNW.tif,maximize,0.846267,0.959307,0.113040,3,Batch_Converged
TUM-TCGA-THMYWKDT.tif,maximize,0.772375,0.974922,0.202547,3,Batch_Converged
TUM-TCGA-DDICNPDV.tif,maximize,0.636485,0.976628,0.340142,2,Batch_Converged
TUM-TCGA-IYTKDSTD.tif,maximize,0.758754,0.967791,0.209037,2,Batch_Converged
TUM-TCGA-WGFLGEAG.tif,maximize,0.764232,0.978566,0.214334,3,Batch_Converged
TUM-TCGA-DGNDHYEN.tif,maximize,0.686698,0.971280,0.284583,3,Batch_Converged
TUM-TCGA-NPKPHHSS.tif,maximize,0.689261,0.980326,0.291066,3,Target_Reached
TUM-TCGA-TNTRLFHY.tif,maximize,0.476182,0.977889,0.501708,3,Batch_Converged
TUM-TCGA-EHECGVVD.tif,maximize,0.723319,0.974576,0.251257,3,Batch_Converged
TUM-TCGA-NSMVAIRN.tif,maximize,0.712268,0.975900,0.263632,3,Batch_Converged
TUM-TCGA-APFLCGPC.tif,maximize,0.686633,0.969100,0.282467,2,Batch_Converged
TUM-TCGA-RMKWKNYC.tif,maximize,0.807517,0.973594,0.166077,3,Batch_Converged
TUM-TCGA-TWGGFMWN.tif,maximize,0.834683,0.970959,0.136276,3,Batch_Converged
TUM-TCGA-SKYNSIVA.tif,maximize,0.756871,0.974076,0.217205,3,Batch_Converged
TUM-TCGA-TNMCMFTH.tif,maximize,0.811892,0.973787,0.161894,3,Batch_Converged
TUM-TCGA-STTTAENC.tif,maximize,0.868612,0.977570,0.108958,3,Batch_Converged
TUM-TCGA-KPPHMKDI.tif,maximize,0.822462,0.974669,0.152207,2,Batch_Converged
TUM-TCGA-GHMVGQEH.tif,maximize,0.677881,0.972593,0.294712,2,Batch_Converged
TUM-TCGA-CIHCFRSL.tif,maximize,0.847634,0.977997,0.130363,3,Batch_Converged
TUM-TCGA-WDAGFQRM.tif,maximize,0.589886,0.972097,0.382211,3,Batch_Converged
TUM-TCGA-CCGEFPTK.tif,maximize,0.762879,0.966227,0.203349,1,Batch_Converged
TUM-TCGA-RSTFSGSK.tif,maximize,0.772281,0.974264,0.201983,3,Batch_Converged
TUM-TCGA-WLVFRAAN.tif,maximize,0.709794,0.963407,0.253614,3,Batch_Converged
TUM-TCGA-VIGDVHKD.tif,maximize,0.811663,0.974671,0.163008,3,Batch_Converged
TUM-TCGA-MLMGMVTV.tif,maximize,0.730177,0.976037,0.245860,2,Batch_Converged
TUM-TCGA-GRNTYLQA.tif,maximize,0.152644,0.972249,0.819606,3,Batch_Converged
TUM-TCGA-ECHISKPI.tif,maximize,0.840315,0.980372,0.140058,3,Target_Reached
TUM-TCGA-RTPVSRKR.tif,maximize,0.615590,0.977871,0.362281,3,Batch_Converged
TUM-TCGA-SKLWPFVG.tif,maximize,0.002743,0.741651,0.738908,3,Batch_Converged
TUM-TCGA-GNDWTWFK.tif,maximize,0.874533,0.971951,0.097418,2,Batch_Converged
TUM-TCGA-QWESFERN.tif,maximize,0.377144,0.979360,0.602215,3,Batch_Converged
TUM-TCGA-ANLAYRTW.tif,maximize,0.667492,0.975558,0.308066,2,Batch_Converged
TUM-TCGA-PSWCWEQG.tif,maximize,0.483953,0.968827,0.484874,3,Batch_Converged
TUM-TCGA-ASYVLART.tif,maximize,0.094805,0.974215,0.879410,3,Batch_Converged
TUM-TCGA-NPCRHVQP.tif,maximize,0.644078,0.973178,0.329100,3,Batch_Converged
TUM-TCGA-WSRWACVS.tif,maximize,0.776873,0.976719,0.199846,2,Batch_Converged
TUM-TCGA-DVVSYMVW.tif,maximize,0.840382,0.971750,0.131368,3,Batch_Converged
TUM-TCGA-PITFSINE.tif,maximize,0.887745,0.978835,0.091089,3,Batch_Converged
TUM-TCGA-CRCSQPQQ.tif,maximize,0.896865,0.976295,0.079430,3,Batch_Converged
TUM-TCGA-ESRLPSGM.tif,maximize,0.787011,0.979183,0.192172,3,Batch_Converged
TUM-TCGA-VPTFVRGH.tif,maximize,0.629375,0.977406,0.348031,3,Batch_Converged
TUM-TCGA-IPIKKHEE.tif,maximize,0.710901,0.975862,0.264961,5,Batch_Converged
TUM-TCGA-FFLPYTWR.tif,maximize,0.729226,0.978411,0.249185,4,Batch_Converged
TUM-TCGA-ALDHSFNH.tif,maximize,0.824182,0.980878,0.156696,4,Target_Reached
TUM-TCGA-ASQFKHGC.tif,maximize,0.627208,0.981798,0.354590,4,Target_Reached
TUM-TCGA-IDTANSPR.tif,maximize,0.574667,0.980305,0.405638,5,Target_Reached
TUM-TCGA-QWETYHHC.tif,maximize,0.662842,0.976978,0.314136,4,Batch_Converged
TUM-TCGA-FLLVRVSN.tif,maximize,0.722177,0.976198,0.254021,5,Batch_Converged
TUM-TCGA-NETTHYLQ.tif,maximize,0.790667,0.981113,0.190446,4,Target_Reached
TUM-TCGA-PNKQKHCQ.tif,maximize,0.854873,0.978964,0.124092,5,Batch_Converged
TUM-TCGA-SSREEQNP.tif,maximize,0.755478,0.980284,0.224806,5,Target_Reached
TUM-TCGA-PPQCVIMM.tif,maximize,0.185870,0.794181,0.608311,5,Batch_Converged
TUM-TCGA-SGNCNIFD.tif,maximize,0.759649,0.977748,0.218099,5,Batch_Converged
TUM-TCGA-RFPFLSRF.tif,maximize,0.821709,0.981729,0.160020,4,Target_Reached
TUM-TCGA-SGKRGKIC.tif,maximize,0.532258,0.978967,0.446709,4,Batch_Converged
TUM-TCGA-WWQRFWTE.tif,maximize,0.409512,0.941262,0.531750,5,Batch_Converged
TUM-TCGA-NFKPEIEH.tif,maximize,0.853876,0.976416,0.122540,5,Batch_Converged
TUM-TCGA-LNPRIIWD.tif,maximize,0.804545,0.977537,0.172991,2,Batch_Converged
TUM-TCGA-IYGYNDCS.tif,maximize,0.514222,0.975771,0.461550,3,Batch_Converged
TUM-TCGA-QEIKDGKP.tif,maximize,0.766807,0.974785,0.207978,2,Batch_Converged
TUM-TCGA-YWMNCFHT.tif,maximize,0.754510,0.932583,0.178073,1,Degradation
TUM-TCGA-GRKFCLHA.tif,maximize,0.687610,0.970408,0.282798,3,Batch_Converged
TUM-TCGA-EYPEPQKE.tif,maximize,0.640796,0.977103,0.336307,3,Batch_Converged
TUM-TCGA-CKCCYVFC.tif,maximize,0.553466,0.975993,0.422528,3,Batch_Converged
TUM-TCGA-DCTKNHAR.tif,maximize,0.417354,0.975262,0.557907,3,Batch_Converged
TUM-TCGA-RRCIDFTR.tif,maximize,0.745615,0.976315,0.230700,3,Batch_Converged
TUM-TCGA-MNHMGYDH.tif,minimize,0.096004,0.092008,0.003996,1,Degradation
TUM-TCGA-WANRLNWP.tif,maximize,0.566578,0.954391,0.387813,3,Batch_Converged
TUM-TCGA-RMVGMKNI.tif,maximize,0.566011,0.973808,0.407798,2,Batch_Converged
TUM-TCGA-HYEHETTE.tif,maximize,0.534026,0.971802,0.437776,3,Batch_Converged
TUM-TCGA-PHRYMRNK.tif,maximize,0.582230,0.973516,0.391286,3,Batch_Converged
TUM-TCGA-VCDWLVQV.tif,maximize,0.699968,0.975622,0.275654,3,Batch_Converged
TUM-TCGA-DQIMDMTG.tif,maximize,0.787921,0.973240,0.185319,2,Batch_Converged
TUM-TCGA-CGIVGFIV.tif,maximize,0.653917,0.981020,0.327103,5,Target_Reached
TUM-TCGA-YNVYYVLV.tif,maximize,0.795832,0.976572,0.180740,4,Batch_Converged
TUM-TCGA-QDGIYEKQ.tif,maximize,0.733905,0.981457,0.247552,4,Target_Reached
TUM-TCGA-PQWKCQDV.tif,maximize,0.778888,0.980195,0.201307,5,Target_Reached
TUM-TCGA-TGTPRQDQ.tif,minimize,0.376662,0.317451,0.059211,1,Degradation
TUM-TCGA-ANEVLWNA.tif,maximize,0.779081,0.977430,0.198350,3,Batch_Converged
TUM-TCGA-TYDEICMA.tif,maximize,0.750506,0.955093,0.204587,5,Batch_Converged
TUM-TCGA-YYKLKLPC.tif,maximize,0.727729,0.977343,0.249614,5,Batch_Converged
TUM-TCGA-HWVRAQWQ.tif,maximize,0.242972,0.976901,0.733929,5,Batch_Converged
TUM-TCGA-DVVKMELK.tif,maximize,0.455875,0.916501,0.460626,2,Degradation
TUM-TCGA-DSCNNVVN.tif,maximize,0.830268,0.977760,0.147493,5,Batch_Converged
TUM-TCGA-MKWLDQSM.tif,maximize,0.705922,0.979308,0.273386,5,Batch_Converged
TUM-TCGA-NIMPNENM.tif,minimize,0.356143,0.227205,0.128938,1,Degradation
TUM-TCGA-CVHLKSLL.tif,maximize,0.832782,0.980032,0.147250,4,Target_Reached
TUM-TCGA-MITGLEYM.tif,maximize,0.809635,0.983064,0.173430,5,Target_Reached
TUM-TCGA-YFKLPITQ.tif,maximize,0.855989,0.980245,0.124257,5,Target_Reached
TUM-TCGA-SHKYEPGL.tif,maximize,0.825312,0.976962,0.151650,4,Batch_Converged
TUM-TCGA-DDVDMGRS.tif,maximize,0.784912,0.978773,0.193861,4,Batch_Converged
TUM-TCGA-NFLQDKRE.tif,maximize,0.590588,0.973417,0.382829,4,Batch_Converged
TUM-TCGA-EETFTVGI.tif,minimize,0.628616,0.037173,0.591442,1,Degradation
TUM-TCGA-RICFMNRQ.tif,maximize,0.188895,0.971961,0.783067,3,Degradation
TUM-TCGA-AFKKDNYL.tif,maximize,0.842514,0.977965,0.135452,4,Batch_Converged
TUM-TCGA-IVSVNNDM.tif,maximize,0.858730,0.969834,0.111104,4,Batch_Converged
TUM-TCGA-MNYSRFVG.tif,maximize,0.803842,0.977740,0.173898,4,Batch_Converged
TUM-TCGA-NDGCQVVI.tif,maximize,0.541687,0.977756,0.436069,4,Batch_Converged
TUM-TCGA-TEDDHVSN.tif,maximize,0.437429,0.978508,0.541079,4,Batch_Converged
TUM-TCGA-WYMFGQRK.tif,maximize,0.816771,0.977214,0.160443,4,Batch_Converged
TUM-TCGA-FKCKTMTE.tif,maximize,0.805255,0.962775,0.157519,4,Batch_Converged
TUM-TCGA-THSAGKWW.tif,maximize,0.425348,0.973771,0.548423,4,Batch_Converged
TUM-TCGA-YKDWNSHY.tif,maximize,0.879830,0.959186,0.079356,4,Batch_Converged
TUM-TCGA-IDKHVFHM.tif,maximize,0.722808,0.976208,0.253400,4,Batch_Converged
TUM-TCGA-IVQQVWHQ.tif,maximize,0.751597,0.971503,0.219907,4,Batch_Converged
TUM-TCGA-CGAEMKIM.tif,maximize,0.644643,0.973151,0.328508,3,Batch_Converged
TUM-TCGA-NHQGDFVF.tif,maximize,0.866644,0.977932,0.111289,3,Batch_Converged
TUM-TCGA-SFTLWQGQ.tif,maximize,0.689623,0.970033,0.280410,2,Batch_Converged
TUM-TCGA-FNDYYRLP.tif,maximize,0.449062,0.977960,0.528898,2,Batch_Converged
TUM-TCGA-QQMSVDES.tif,maximize,0.451701,0.977828,0.526127,3,Batch_Converged
TUM-TCGA-SEPKRFFL.tif,maximize,0.774134,0.978822,0.204689,2,Batch_Converged
TUM-TCGA-HHEDDDNG.tif,maximize,0.647058,0.967051,0.319993,3,Batch_Converged
TUM-TCGA-KEEMNRCE.tif,maximize,0.641557,0.975469,0.333912,3,Batch_Converged
TUM-TCGA-CLIMWGPR.tif,maximize,0.607824,0.978808,0.370984,3,Batch_Converged
TUM-TCGA-QHFIPITV.tif,maximize,0.582360,0.975778,0.393417,3,Batch_Converged
TUM-TCGA-SFYGLTIL.tif,maximize,0.803347,0.970414,0.167066,3,Batch_Converged
TUM-TCGA-MPTLTTVQ.tif,maximize,0.752959,0.971321,0.218362,3,Batch_Converged
TUM-TCGA-NHMYKVNQ.tif,maximize,0.819982,0.957830,0.137848,3,Batch_Converged
TUM-TCGA-WKQFMLLK.tif,maximize,0.857403,0.975112,0.117709,3,Batch_Converged
TUM-TCGA-HNVMQTDR.tif,maximize,0.702753,0.974760,0.272007,3,Batch_Converged
TUM-TCGA-GTICWMHE.tif,maximize,0.666073,0.947888,0.281814,2,Batch_Converged
TUM-TCGA-NETCDSWR.tif,maximize,0.821301,0.982051,0.160750,3,Target_Reached
TUM-TCGA-SMCILWIV.tif,maximize,0.833994,0.974572,0.140578,4,Batch_Converged
TUM-TCGA-TKHGKLHC.tif,maximize,0.715208,0.977845,0.262637,4,Batch_Converged
TUM-TCGA-DPSHVWHG.tif,maximize,0.741461,0.979065,0.237604,4,Batch_Converged
TUM-TCGA-CHYVIEYT.tif,maximize,0.615684,0.977490,0.361806,4,Batch_Converged
TUM-TCGA-CFVTNRDA.tif,maximize,0.622585,0.982711,0.360126,4,Target_Reached
TUM-TCGA-DHDQRSTK.tif,maximize,0.775423,0.958303,0.182880,4,Batch_Converged
TUM-TCGA-QYFHYPPV.tif,maximize,0.781732,0.976820,0.195089,4,Batch_Converged
TUM-TCGA-QDENEDFE.tif,maximize,0.725933,0.977935,0.252002,3,Batch_Converged
TUM-TCGA-VPWFWTWW.tif,maximize,0.586215,0.978438,0.392223,3,Batch_Converged
TUM-TCGA-IRFLPLSE.tif,maximize,0.817156,0.980514,0.163358,4,Target_Reached
TUM-TCGA-DTRFCFTK.tif,maximize,0.866244,0.975488,0.109244,4,Batch_Converged
TUM-TCGA-GRDASLYY.tif,maximize,0.771302,0.965354,0.194051,4,Batch_Converged
TUM-TCGA-CQYAGGIY.tif,minimize,0.432291,0.066795,0.365496,1,Degradation
TUM-TCGA-GCVNEIPF.tif,maximize,0.697674,0.976580,0.278905,2,Batch_Converged
TUM-TCGA-CMGIPKVE.tif,maximize,0.051131,0.974333,0.923201,4,Batch_Converged
TUM-TCGA-TMRHMYMC.tif,maximize,0.676689,0.976413,0.299724,5,Batch_Converged
TUM-TCGA-RGMMNVPW.tif,maximize,0.762616,0.980656,0.218041,3,Target_Reached
TUM-TCGA-DGNQCDES.tif,maximize,0.374933,0.831570,0.456637,1,Degradation
TUM-TCGA-HEPTLPTA.tif,maximize,0.637770,0.923138,0.285368,5,Batch_Converged
TUM-TCGA-HRDRISHE.tif,maximize,0.733739,0.979303,0.245564,5,Batch_Converged
TUM-TCGA-CTDMWPAI.tif,maximize,0.698152,0.978988,0.280836,5,Batch_Converged
TUM-TCGA-RPCHDKCH.tif,maximize,0.669651,0.979584,0.309933,5,Batch_Converged
TUM-TCGA-THNDWIQF.tif,maximize,0.847332,0.975603,0.128271,4,Batch_Converged
TUM-TCGA-LKYKSTIV.tif,maximize,0.835171,0.981050,0.145879,5,Target_Reached
TUM-TCGA-RGMEGRNK.tif,maximize,0.519241,0.982311,0.463070,5,Target_Reached
TUM-TCGA-GFVKLYMD.tif,maximize,0.438000,0.979729,0.541729,5,Batch_Converged
TUM-TCGA-PSPWNCSV.tif,maximize,0.640277,0.980128,0.339851,4,Target_Reached
TUM-TCGA-SERSRCYW.tif,maximize,0.550737,0.921543,0.370806,1,Batch_Converged
TUM-TCGA-MYHTGGRK.tif,minimize,0.431487,0.003652,0.427835,2,Target_Reached
TUM-TCGA-HGDTAMTY.tif,maximize,0.859282,0.980920,0.121638,4,Target_Reached
TUM-TCGA-CDNVFAPW.tif,maximize,0.744309,0.981013,0.236704,5,Target_Reached
TUM-TCGA-PKMPVKIT.tif,minimize,0.614903,0.209417,0.405486,1,Degradation
TUM-TCGA-PTHVFQKK.tif,maximize,0.732705,0.976492,0.243786,4,Batch_Converged
TUM-TCGA-MTDYAMNR.tif,maximize,0.850740,0.973780,0.123040,4,Batch_Converged
TUM-TCGA-MRMLKFGK.tif,maximize,0.382468,0.976819,0.594351,2,Batch_Converged
TUM-TCGA-QHMCDPVW.tif,maximize,0.401388,0.971105,0.569717,2,Batch_Converged
TUM-TCGA-YAKGDCWG.tif,maximize,0.731526,0.977103,0.245576,4,Batch_Converged
TUM-TCGA-KMSVDDCF.tif,maximize,0.805962,0.982055,0.176093,4,Target_Reached
TUM-TCGA-DNLNDEYP.tif,maximize,0.619327,0.940142,0.320814,4,Batch_Converged
TUM-TCGA-FLLQTSCT.tif,maximize,0.680676,0.966873,0.286197,4,Batch_Converged
TUM-TCGA-SIYTSTRL.tif,maximize,0.701930,0.974387,0.272456,4,Batch_Converged
TUM-TCGA-WFCNPCMV.tif,maximize,0.586815,0.970530,0.383715,4,Batch_Converged
TUM-TCGA-AKGPHFQI.tif,maximize,0.824411,0.977433,0.153022,2,Batch_Converged
TUM-TCGA-TIYSWGDR.tif,maximize,0.797547,0.966923,0.169376,4,Batch_Converged
TUM-TCGA-TKPHCTGS.tif,maximize,0.814407,0.979980,0.165573,4,Batch_Converged
TUM-TCGA-TEYQDWEQ.tif,maximize,0.400310,0.970319,0.570009,4,Batch_Converged
TUM-TCGA-DKYGHEPE.tif,maximize,0.840023,0.980728,0.140705,4,Target_Reached
TUM-TCGA-NCKPIGHE.tif,maximize,0.469950,0.962219,0.492269,3,Batch_Converged
TUM-TCGA-PKGFMSLC.tif,maximize,0.759586,0.945169,0.185583,3,Batch_Converged
TUM-TCGA-VGLSCSQH.tif,maximize,0.574226,0.873512,0.299286,1,Degradation
TUM-TCGA-RRDKWLME.tif,maximize,0.626041,0.977904,0.351863,3,Batch_Converged
TUM-TCGA-DKAMHVEV.tif,maximize,0.621075,0.979606,0.358531,2,Batch_Converged
TUM-TCGA-RDNMAMTW.tif,minimize,0.427287,0.007420,0.419866,1,Target_Reached
TUM-TCGA-EMKYIDSL.tif,maximize,0.781814,0.974554,0.192740,3,Batch_Converged
TUM-TCGA-YRWCYRMK.tif,maximize,0.864177,0.978043,0.113865,3,Batch_Converged
TUM-TCGA-CTKKHGMT.tif,maximize,0.789880,0.973838,0.183958,3,Batch_Converged
TUM-TCGA-GAVNTMEN.tif,maximize,0.854349,0.971314,0.116964,3,Batch_Converged
TUM-TCGA-RKYYDFWQ.tif,maximize,0.698794,0.977353,0.278559,3,Batch_Converged
TUM-TCGA-HTGNSAHF.tif,maximize,0.491015,0.902983,0.411968,3,Batch_Converged
TUM-TCGA-LTGWRHLF.tif,maximize,0.779414,0.965924,0.186510,3,Batch_Converged
TUM-TCGA-DFWREGAE.tif,maximize,0.807083,0.977880,0.170796,3,Batch_Converged
TUM-TCGA-HMTRTDLE.tif,maximize,0.456425,0.967107,0.510682,3,Batch_Converged
TUM-TCGA-YYHGYAEV.tif,maximize,0.828148,0.978398,0.150249,3,Batch_Converged
TUM-TCGA-WYHTIVAC.tif,maximize,0.726192,0.977230,0.251038,3,Batch_Converged
TUM-TCGA-PKKHTWDP.tif,maximize,0.584522,0.974294,0.389772,3,Batch_Converged
TUM-TCGA-HYSKNVQL.tif,maximize,0.669149,0.975580,0.306431,3,Batch_Converged
TUM-TCGA-CPFCSCFG.tif,maximize,0.433575,0.972689,0.539114,2,Batch_Converged
TUM-TCGA-NCIVRLCT.tif,maximize,0.585741,0.978627,0.392886,3,Batch_Converged
TUM-TCGA-RCFIVYII.tif,maximize,0.610080,0.927658,0.317578,3,Batch_Converged
TUM-TCGA-DPHGKKDD.tif,maximize,0.675480,0.976385,0.300905,3,Batch_Converged
TUM-TCGA-QTMEEATQ.tif,maximize,0.775609,0.980608,0.204998,3,Target_Reached
TUM-TCGA-DAFMDNGS.tif,maximize,0.625102,0.980249,0.355147,2,Target_Reached
TUM-TCGA-KQPSAYTE.tif,maximize,0.776402,0.980663,0.204261,3,Target_Reached
TUM-TCGA-FEYLSIQF.tif,maximize,0.818511,0.974338,0.155827,3,Batch_Converged
TUM-TCGA-DRFFVPFW.tif,maximize,0.676769,0.964021,0.287251,1,Degradation
TUM-TCGA-WCFYDRYL.tif,maximize,0.848113,0.973804,0.125691,3,Batch_Converged
TUM-TCGA-TGAMYLVR.tif,maximize,0.888597,0.974141,0.085545,3,Batch_Converged
TUM-TCGA-QQHNRQSC.tif,maximize,0.796826,0.977121,0.180295,3,Batch_Converged
TUM-TCGA-MEIEQEAN.tif,maximize,0.843110,0.976528,0.133418,3,Batch_Converged
TUM-TCGA-DKATCNAQ.tif,maximize,0.888868,0.969880,0.081013,2,Batch_Converged
TUM-TCGA-WEACREVW.tif,maximize,0.683149,0.975670,0.292521,2,Batch_Converged
TUM-TCGA-GYYHEWFK.tif,maximize,0.415533,0.966708,0.551175,3,Batch_Converged
TUM-TCGA-RTPWIEIF.tif,maximize,0.847342,0.976975,0.129633,3,Batch_Converged
TUM-TCGA-AGGPTVVE.tif,maximize,0.820703,0.974433,0.153730,3,Batch_Converged
TUM-TCGA-QANSWIKH.tif,maximize,0.902863,0.975704,0.072841,3,Batch_Converged
TUM-TCGA-LEPYLQCS.tif,maximize,0.508712,0.899231,0.390519,3,Batch_Converged
TUM-TCGA-FSPFYRNF.tif,maximize,0.644196,0.969149,0.324953,1,Batch_Converged
TUM-TCGA-NSPYYWVQ.tif,maximize,0.532151,0.977506,0.445355,3,Batch_Converged
TUM-TCGA-GPHTNVGA.tif,maximize,0.606120,0.975046,0.368925,3,Batch_Converged
TUM-TCGA-WYHRITWI.tif,minimize,0.003667,0.001639,0.002028,1,Target_Reached
TUM-TCGA-DAETDGLV.tif,maximize,0.650042,0.973394,0.323353,1,Batch_Converged
TUM-TCGA-WNMPKFKC.tif,maximize,0.725788,0.980810,0.255022,3,Target_Reached
TUM-TCGA-SYPKYHND.tif,maximize,0.618453,0.972740,0.354287,3,Batch_Converged
TUM-TCGA-LWFPHGMK.tif,maximize,0.853787,0.966185,0.112398,3,Batch_Converged
TUM-TCGA-AKPTIFFM.tif,maximize,0.835798,0.976012,0.140214,3,Batch_Converged
TUM-TCGA-DYCCEWVS.tif,maximize,0.774484,0.966671,0.192186,3,Batch_Converged
TUM-TCGA-YCNSIYHQ.tif,maximize,0.625760,0.975640,0.349880,2,Batch_Converged
TUM-TCGA-VRVDDDKT.tif,maximize,0.833475,0.970792,0.137317,3,Batch_Converged
TUM-TCGA-WNCDHGHY.tif,maximize,0.723549,0.956405,0.232856,3,Batch_Converged
TUM-TCGA-DDQHKGYW.tif,maximize,0.631686,0.970329,0.338642,3,Batch_Converged
TUM-TCGA-CKQKNVTM.tif,maximize,0.871121,0.960898,0.089777,1,Batch_Converged
TUM-TCGA-RCPDCTKT.tif,maximize,0.879988,0.977442,0.097455,3,Batch_Converged
TUM-TCGA-GRPNRYFH.tif,maximize,0.843370,0.974453,0.131082,3,Batch_Converged
TUM-TCGA-TIPIARAP.tif,maximize,0.626323,0.973892,0.347569,3,Batch_Converged
TUM-TCGA-CHLPPLAM.tif,maximize,0.716055,0.981277,0.265222,3,Target_Reached
TUM-TCGA-LFFKNQCA.tif,maximize,0.649932,0.960149,0.310217,3,Batch_Converged
TUM-TCGA-ERNSRKDT.tif,maximize,0.253393,0.950043,0.696650,2,Batch_Converged
TUM-TCGA-VHQACAFY.tif,maximize,0.828528,0.973920,0.145392,3,Batch_Converged
TUM-TCGA-SDPCGDTR.tif,maximize,0.386029,0.976646,0.590616,3,Batch_Converged
TUM-TCGA-NVLGDYVT.tif,maximize,0.629503,0.976919,0.347416,3,Batch_Converged
TUM-TCGA-CHMYWLYC.tif,maximize,0.590278,0.973592,0.383315,3,Batch_Converged
TUM-TCGA-DGAMMLGS.tif,maximize,0.775263,0.937682,0.162420,3,Batch_Converged
TUM-TCGA-IELKMFLI.tif,maximize,0.627861,0.968792,0.340931,2,Batch_Converged
TUM-TCGA-CDSCMVKK.tif,maximize,0.794029,0.976215,0.182186,3,Batch_Converged
TUM-TCGA-QSGQLLLI.tif,maximize,0.753610,0.975855,0.222244,3,Batch_Converged
TUM-TCGA-PCRMPAWS.tif,maximize,0.769089,0.981549,0.212460,3,Target_Reached
TUM-TCGA-FHCHNLDV.tif,maximize,0.747543,0.970724,0.223181,1,Batch_Converged
TUM-TCGA-YLFYWPNW.tif,maximize,0.719800,0.979350,0.259550,3,Batch_Converged
TUM-TCGA-GRHPSRCN.tif,maximize,0.815057,0.976487,0.161430,3,Batch_Converged
TUM-TCGA-TSPYYSIK.tif,maximize,0.650556,0.977246,0.326691,3,Batch_Converged
TUM-TCGA-YCGSGSPE.tif,maximize,0.775004,0.979600,0.204596,3,Batch_Converged
TUM-TCGA-NDEMCSEA.tif,maximize,0.705826,0.977157,0.271331,3,Batch_Converged
TUM-TCGA-YRGGTSGP.tif,maximize,0.860380,0.976803,0.116423,3,Batch_Converged
TUM-TCGA-HVSGFSTE.tif,maximize,0.654147,0.974340,0.320193,3,Batch_Converged
TUM-TCGA-NWSLPVCW.tif,maximize,0.652275,0.977020,0.324745,3,Batch_Converged
TUM-TCGA-ECCMVRRA.tif,maximize,0.723834,0.917072,0.193237,2,Batch_Converged
TUM-TCGA-NQPSDVIM.tif,maximize,0.701243,0.974077,0.272834,3,Batch_Converged
TUM-TCGA-HSMCCWDP.tif,maximize,0.544222,0.963807,0.419585,3,Batch_Converged
TUM-TCGA-WIFRDAFR.tif,maximize,0.504873,0.959603,0.454731,3,Batch_Converged
TUM-TCGA-NTNDQPIH.tif,maximize,0.653835,0.954441,0.300606,3,Batch_Converged
TUM-TCGA-HWPEMRLF.tif,maximize,0.702875,0.973448,0.270573,3,Batch_Converged
TUM-TCGA-PMMDEIQS.tif,maximize,0.669552,0.950362,0.280809,1,Batch_Converged
TUM-TCGA-ISHKFQLR.tif,maximize,0.756195,0.969249,0.213054,1,Batch_Converged
TUM-TCGA-VSALMFTS.tif,maximize,0.654393,0.973074,0.318681,3,Batch_Converged
TUM-TCGA-HVGSTPSF.tif,maximize,0.683373,0.978930,0.295557,3,Batch_Converged
TUM-TCGA-NKHQILYM.tif,maximize,0.879020,0.981513,0.102493,2,Target_Reached
TUM-TCGA-TDEYMSHP.tif,maximize,0.656365,0.974878,0.318513,2,Batch_Converged
TUM-TCGA-QIYMGKRS.tif,maximize,0.759872,0.972786,0.212914,3,Batch_Converged
TUM-TCGA-LFEVSCQL.tif,maximize,0.876576,0.967992,0.091416,3,Batch_Converged
TUM-TCGA-CQIWAHAK.tif,maximize,0.848100,0.976888,0.128788,3,Batch_Converged
TUM-TCGA-MQAANCHR.tif,maximize,0.679841,0.973118,0.293278,3,Batch_Converged
TUM-TCGA-DDMQMMML.tif,maximize,0.627801,0.975689,0.347888,3,Batch_Converged
TUM-TCGA-SQVLPHDH.tif,maximize,0.845900,0.977721,0.131821,2,Batch_Converged
TUM-TCGA-MFISFHRG.tif,maximize,0.782926,0.981319,0.198393,3,Target_Reached
TUM-TCGA-FDKTPTCS.tif,maximize,0.672332,0.976328,0.303996,3,Batch_Converged
TUM-TCGA-FPGESSAD.tif,maximize,0.835278,0.969494,0.134216,3,Batch_Converged
TUM-TCGA-YIGTGQMA.tif,maximize,0.880566,0.976048,0.095482,3,Batch_Converged
TUM-TCGA-GALLTCWV.tif,maximize,0.591674,0.970490,0.378816,3,Batch_Converged
TUM-TCGA-LGHAGCRS.tif,maximize,0.874705,0.972975,0.098269,3,Batch_Converged
TUM-TCGA-WFYTDVKL.tif,maximize,0.581678,0.964640,0.382962,3,Batch_Converged
TUM-TCGA-KPFIRFSS.tif,maximize,0.798366,0.976552,0.178185,3,Batch_Converged
TUM-TCGA-WVQCWRDM.tif,maximize,0.791198,0.968872,0.177674,2,Batch_Converged
TUM-TCGA-WMSPIQVM.tif,maximize,0.743817,0.978235,0.234417,2,Batch_Converged
TUM-TCGA-TKSMCVTM.tif,maximize,0.847722,0.980609,0.132887,3,Target_Reached
TUM-TCGA-VSWDNKTH.tif,maximize,0.817949,0.969504,0.151555,3,Batch_Converged
TUM-TCGA-HNGPSIKR.tif,maximize,0.681328,0.975875,0.294547,2,Batch_Converged
TUM-TCGA-LECGNCWN.tif,maximize,0.759805,0.972884,0.213079,3,Batch_Converged
TUM-TCGA-YLMIRFVD.tif,maximize,0.815896,0.973415,0.157519,3,Batch_Converged
TUM-TCGA-LGFIPWLS.tif,maximize,0.497422,0.971348,0.473926,3,Batch_Converged
TUM-TCGA-WKNQSFRR.tif,maximize,0.485521,0.979082,0.493561,2,Batch_Converged
TUM-TCGA-CLFVPIDG.tif,maximize,0.743083,0.974790,0.231707,3,Batch_Converged
TUM-TCGA-KYVGYMQA.tif,maximize,0.539504,0.968048,0.428544,3,Batch_Converged
TUM-TCGA-ECQWHQHY.tif,maximize,0.668986,0.977294,0.308307,3,Batch_Converged
TUM-TCGA-FVGTEEMC.tif,maximize,0.835053,0.965570,0.130517,3,Batch_Converged
TUM-TCGA-NPELQETL.tif,maximize,0.649999,0.974276,0.324276,2,Batch_Converged
TUM-TCGA-YKTRTLGT.tif,maximize,0.779804,0.969115,0.189311,3,Batch_Converged
TUM-TCGA-LKRCVMGR.tif,maximize,0.851396,0.975156,0.123761,3,Batch_Converged
TUM-TCGA-TRMAPMSF.tif,maximize,0.821317,0.939847,0.118530,3,Batch_Converged
TUM-TCGA-QYFIVTPD.tif,maximize,0.794286,0.978242,0.183956,3,Batch_Converged
TUM-TCGA-ENDSAFFT.tif,maximize,0.730345,0.976229,0.245884,3,Batch_Converged
TUM-TCGA-IICCHNLC.tif,maximize,0.744484,0.978063,0.233579,2,Batch_Converged
TUM-TCGA-ERFETVIP.tif,maximize,0.744280,0.977239,0.232959,3,Batch_Converged
TUM-TCGA-WHLYINQI.tif,maximize,0.716248,0.971484,0.255236,1,Degradation
TUM-TCGA-WKGNIPAD.tif,maximize,0.565289,0.974107,0.408818,2,Batch_Converged
TUM-TCGA-GGIWIVDP.tif,maximize,0.732844,0.977506,0.244662,3,Batch_Converged
TUM-TCGA-SCENMMYN.tif,maximize,0.384362,0.974224,0.589862,3,Batch_Converged
TUM-TCGA-VITFSQEK.tif,maximize,0.710160,0.976957,0.266798,3,Batch_Converged
TUM-TCGA-PGITLHIV.tif,maximize,0.429901,0.978058,0.548157,3,Batch_Converged
TUM-TCGA-IPIMCDCN.tif,maximize,0.585135,0.949034,0.363899,3,Batch_Converged
TUM-TCGA-MKQNNITN.tif,maximize,0.845908,0.979023,0.133115,3,Batch_Converged
TUM-TCGA-TASMPRWD.tif,maximize,0.604594,0.975372,0.370778,3,Batch_Converged
TUM-TCGA-KMKVGFNR.tif,maximize,0.726526,0.970154,0.243628,3,Batch_Converged
TUM-TCGA-VENYYYQM.tif,maximize,0.878616,0.975990,0.097374,3,Batch_Converged
TUM-TCGA-GEMDAEDI.tif,maximize,0.881117,0.981419,0.100302,3,Target_Reached
TUM-TCGA-TWQNGSDQ.tif,maximize,0.872059,0.979966,0.107907,3,Batch_Converged
TUM-TCGA-DTLTHKFK.tif,maximize,0.794263,0.970684,0.176421,3,Batch_Converged
TUM-TCGA-DGMPKQRD.tif,maximize,0.658660,0.980191,0.321530,2,Target_Reached
TUM-TCGA-DNCDRSNF.tif,maximize,0.653875,0.979519,0.325644,3,Batch_Converged
TUM-TCGA-PHPIMAGC.tif,maximize,0.850321,0.972303,0.121982,3,Batch_Converged
TUM-TCGA-DRPGQLHP.tif,maximize,0.875960,0.977278,0.101318,2,Batch_Converged
TUM-TCGA-YEPDHDTI.tif,maximize,0.570763,0.976467,0.405705,3,Batch_Converged
TUM-TCGA-TQFIYSVM.tif,maximize,0.428330,0.969266,0.540936,3,Batch_Converged
TUM-TCGA-LYKACSSS.tif,minimize,0.425983,0.005113,0.420870,1,Target_Reached
TUM-TCGA-CIFWSCDL.tif,maximize,0.823260,0.975829,0.152568,3,Batch_Converged
TUM-TCGA-PACCQDPI.tif,maximize,0.635584,0.973665,0.338081,3,Batch_Converged
TUM-TCGA-KKTRDNYV.tif,maximize,0.645738,0.969381,0.323643,2,Batch_Converged
TUM-TCGA-QSTRPQME.tif,maximize,0.684914,0.981043,0.296129,2,Target_Reached
TUM-TCGA-IAELVKLE.tif,maximize,0.653290,0.973983,0.320693,3,Batch_Converged
TUM-TCGA-RLGFPGKM.tif,maximize,0.846817,0.965532,0.118715,3,Batch_Converged
TUM-TCGA-KSGWSHIV.tif,maximize,0.587866,0.969251,0.381384,2,Batch_Converged
TUM-TCGA-GFCTKHTH.tif,maximize,0.909316,0.975850,0.066534,3,Batch_Converged
TUM-TCGA-CVGTRDRC.tif,maximize,0.811635,0.975943,0.164307,2,Batch_Converged
TUM-TCGA-VWVPFHNE.tif,maximize,0.550480,0.973038,0.422558,3,Batch_Converged
TUM-TCGA-LELIDSTD.tif,maximize,0.773527,0.953622,0.180095,3,Batch_Converged
TUM-TCGA-PMYFKEWT.tif,maximize,0.600125,0.968372,0.368247,3,Batch_Converged
TUM-TCGA-KQIPYTTD.tif,maximize,0.781431,0.944135,0.162704,3,Batch_Converged
TUM-TCGA-LTVMSCCD.tif,maximize,0.851465,0.974931,0.123466,3,Batch_Converged
TUM-TCGA-QPIAIIKY.tif,maximize,0.689397,0.977775,0.288378,3,Batch_Converged
TUM-TCGA-SQVFGSPN.tif,maximize,0.636675,0.961678,0.325003,3,Batch_Converged
TUM-TCGA-QWTSAQPI.tif,maximize,0.758060,0.978646,0.220586,3,Batch_Converged
TUM-TCGA-AFVQNLQE.tif,maximize,0.826723,0.976225,0.149502,3,Batch_Converged
TUM-TCGA-TNTIVLYC.tif,maximize,0.654499,0.942098,0.287599,1,Batch_Converged
TUM-TCGA-QWVCMKAE.tif,maximize,0.745445,0.979921,0.234476,3,Batch_Converged
TUM-TCGA-CPYFQSVS.tif,maximize,0.615330,0.974336,0.359006,3,Batch_Converged
TUM-TCGA-AEHTIDAD.tif,maximize,0.849380,0.974926,0.125546,3,Batch_Converged
TUM-TCGA-ILSEDWPS.tif,maximize,0.356136,0.973681,0.617545,3,Batch_Converged
TUM-TCGA-NVEGGPLN.tif,maximize,0.715937,0.977841,0.261904,3,Batch_Converged
TUM-TCGA-HKDQIGFG.tif,maximize,0.589571,0.968828,0.379257,3,Batch_Converged
TUM-TCGA-CVATFAAT.tif,maximize,0.793706,0.975558,0.181852,3,Batch_Converged
TUM-TCGA-QYTIVATY.tif,maximize,0.801227,0.977503,0.176277,3,Batch_Converged
TUM-TCGA-LKSSDCWG.tif,maximize,0.836958,0.977149,0.140191,3,Batch_Converged
TUM-TCGA-RWPVLFWR.tif,maximize,0.614969,0.892660,0.277691,1,Degradation
TUM-TCGA-DKRNYMNH.tif,maximize,0.693646,0.980645,0.286999,2,Target_Reached
TUM-TCGA-VTHRLYFH.tif,maximize,0.446973,0.976925,0.529952,5,Batch_Converged
TUM-TCGA-PRIPGEMK.tif,maximize,0.777305,0.979834,0.202529,5,Batch_Converged
TUM-TCGA-TVNIMDHV.tif,maximize,0.822774,0.972170,0.149396,4,Batch_Converged
TUM-TCGA-PDCDENEK.tif,maximize,0.481058,0.976134,0.495076,5,Batch_Converged
TUM-TCGA-WGLVPLDQ.tif,minimize,0.857778,0.219456,0.638322,2,Degradation
TUM-TCGA-TVGFIRCI.tif,maximize,0.718464,0.970501,0.252037,5,Batch_Converged
TUM-TCGA-FICIVRFQ.tif,maximize,0.756428,0.980887,0.224459,5,Target_Reached
TUM-TCGA-DRCLCVLY.tif,maximize,0.626052,0.959807,0.333755,5,Batch_Converged
TUM-TCGA-YRQTKGFR.tif,maximize,0.809665,0.979989,0.170324,4,Batch_Converged
TUM-TCGA-GDVCQGQY.tif,maximize,0.591786,0.978976,0.387190,3,Batch_Converged
TUM-TCGA-MDDFPQGP.tif,maximize,0.761273,0.979067,0.217794,4,Batch_Converged
TUM-TCGA-HTYHPADH.tif,maximize,0.707352,0.952314,0.244962,4,Batch_Converged
TUM-TCGA-QASDCEVL.tif,maximize,0.733886,0.938903,0.205017,2,Batch_Converged
TUM-TCGA-LDSMSMHH.tif,maximize,0.722969,0.982211,0.259242,4,Target_Reached
TUM-TCGA-TGYIMHMA.tif,maximize,0.832201,0.981347,0.149146,3,Target_Reached
TUM-TCGA-KYLMQADE.tif,maximize,0.763049,0.980453,0.217404,2,Target_Reached
TUM-TCGA-GCKMFQDE.tif,maximize,0.530963,0.923559,0.392596,1,Degradation
